timestamp,keyword
2023-07-19 00:00:00,우산
2023-07-19 00:00:01,파우치
2023-07-19 00:00:05,닌텐도 스위치
2023-07-19 00:00:08,Victorinox knife
2023-07-19 00:00:14,닌텐도 스위치
2023-07-19 00:00:19,페이퍼리안
2023-07-19 00:00:20,닷유어데이
2023-07-19 00:00:22,닌텐도 스위치
2023-07-19 00:00:25,팻말
2023-07-19 00:00:29,갤23케이스
2023-07-19 00:00:29,갤23케이스
2023-07-19 00:00:30,닌텐도 스위치
2023-07-19 00:00:30,A4 거치대
2023-07-19 00:00:36,livework
2023-07-19 00:00:38,자바
2023-07-19 00:00:39,닌텐도 스위치
2023-07-19 00:00:40,1인용소파
2023-07-19 00:00:40,세우는 팻말
2023-07-19 00:00:40,양말
2023-07-19 00:00:40,1인용소파
2023-07-19 00:00:41,폰케이스
2023-07-19 00:00:41,양말
2023-07-19 00:00:42,스누피방향제
2023-07-19 00:00:42,스누피방향제
2023-07-19 00:00:43,세우는 팻말
2023-07-19 00:00:47,아이폰케이스
2023-07-19 00:00:47,아이폰케이스
2023-07-19 00:00:47,닌텐도 스위치
2023-07-19 00:00:49,닭똥집 디자인
2023-07-19 00:00:50,바다 장패드
2023-07-19 00:00:53,꽃병
2023-07-19 00:00:53,꽃병
2023-07-19 00:00:55,플래너
2023-07-19 00:00:55,플래너
2023-07-19 00:00:55,양말
2023-07-19 00:00:56,지비츠
2023-07-19 00:00:56,닌텐도 스위치
2023-07-19 00:00:57,탁상용 선풍기
2023-07-19 00:00:57,양말
2023-07-19 00:00:57,딥펜 세트
2023-07-19 00:00:58,강아지장난감
2023-07-19 00:00:58,강아지장난감
2023-07-19 00:00:59,바부
2023-07-19 00:00:59,샴푸용기
2023-07-19 00:01:01,마우스패드
2023-07-19 00:01:03,여권파우치
2023-07-19 00:01:03,여권파우치
2023-07-19 00:01:04,인싸템
2023-07-19 00:01:04,인싸템
2023-07-19 00:01:04,닌텐도 스위치
2023-07-19 00:01:06,장패드
2023-07-19 00:01:08,pinkfoot
2023-07-19 00:01:13,닌텐도 스위치
2023-07-19 00:01:16,아이패드 케이스
2023-07-19 00:01:18,baboo
2023-07-19 00:01:20,텀블러
2023-07-19 00:01:21,닌텐도 스위치
2023-07-19 00:01:21,노트북 파우치
2023-07-19 00:01:21,"보들보들,갤럭시"
2023-07-19 00:01:22,노트북 파우치
2023-07-19 00:01:24,포스터
2023-07-19 00:01:29,필름
2023-07-19 00:01:30,닌텐도 스위치
2023-07-19 00:01:31,숲 장패드
2023-07-19 00:01:33,이동식파티션
2023-07-19 00:01:34,노트북 파우치 16
2023-07-19 00:01:34,깨절구
2023-07-19 00:01:35,하자간판
2023-07-19 00:01:36,마우스패드
2023-07-19 00:01:38,디자이너가구
2023-07-19 00:01:38,애견하우스
2023-07-19 00:01:38,디자이너가구
2023-07-19 00:01:39,닌텐도 스위치
2023-07-19 00:01:40,필통
2023-07-19 00:01:41,스누피방향제
2023-07-19 00:01:41,스누피방향제
2023-07-19 00:01:45,아이코닉 도형 다꾸
2023-07-19 00:01:46,소매치기방지가방
2023-07-19 00:01:47,닌텐도 스위치
2023-07-19 00:01:48,노트북 거치대
2023-07-19 00:01:48,출석체크 이벤트
2023-07-19 00:01:48,장패드
2023-07-19 00:01:49,포스트잇 디스펜서
2023-07-19 00:01:49,출석체크 이벤트
2023-07-19 00:01:50,타이머
2023-07-19 00:01:51,사무실슬리퍼
2023-07-19 00:01:53,텀블러
2023-07-19 00:01:54,필통
2023-07-19 00:01:54,livework
2023-07-19 00:01:55,닌텐도 스위치
2023-07-19 00:02:01,양말
2023-07-19 00:02:02,양말
2023-07-19 00:02:05,닌텐도 스위치
2023-07-19 00:02:07,정사각 노트
2023-07-19 00:02:12,지퍼백
2023-07-19 00:02:13,닌텐도 스위치
2023-07-19 00:02:18,플래너
2023-07-19 00:02:19,양말
2023-07-19 00:02:20,양말
2023-07-19 00:02:21,닌텐도 스위치
2023-07-19 00:02:22,전선 정리함
2023-07-19 00:02:24,키링
2023-07-19 00:02:25,포스트잇
2023-07-19 00:02:26,포차코
2023-07-19 00:02:26,포차코
2023-07-19 00:02:26,마테감개
2023-07-19 00:02:27,스마일패브릭포스터
2023-07-19 00:02:27,스마일패브릭포스터
2023-07-19 00:02:29,비닐커텐
2023-07-19 00:02:30,사무실슬리퍼
2023-07-19 00:02:30,닌텐도 스위치
2023-07-19 00:02:31,산리오
2023-07-19 00:02:32,대형모자
2023-07-19 00:02:32,대형모자
2023-07-19 00:02:33,에드학
2023-07-19 00:02:33,에드학
2023-07-19 00:02:34,심플다이어리
2023-07-19 00:02:36,샴푸용기
2023-07-19 00:02:37,지비츠
2023-07-19 00:02:37,양말
2023-07-19 00:02:37,지비츠
2023-07-19 00:02:38,도시락칸막이
2023-07-19 00:02:38,텐바이텐배송
2023-07-19 00:02:38,양말
2023-07-19 00:02:38,닌텐도 스위치
2023-07-19 00:02:38,조각스티커
2023-07-19 00:02:38,도시락칸막이
2023-07-19 00:02:39,라벨스티커
2023-07-19 00:02:42,스티커
2023-07-19 00:02:44,한가람문구 모나미
2023-07-19 00:02:44,마테감개
2023-07-19 00:02:44,페이퍼리안
2023-07-19 00:02:45,포스트잇 디스펜서
2023-07-19 00:02:46,다이어리
2023-07-19 00:02:46,닌텐도 스위치
2023-07-19 00:02:48,마우스패드
2023-07-19 00:02:49,포스트잇
2023-07-19 00:02:50,마이크로소프트 마우스
2023-07-19 00:02:50,마우스패드
2023-07-19 00:02:53,지퍼백
2023-07-19 00:02:56,닌텐도 스위치
2023-07-19 00:02:59,미니소
2023-07-19 00:02:59,미니소
2023-07-19 00:02:59,시화 마스킹
2023-07-19 00:03:00,시화 마스킹
2023-07-19 00:03:00,키링
2023-07-19 00:03:01,디스펜서
2023-07-19 00:03:03,마우스패드
2023-07-19 00:03:03,산리오
2023-07-19 00:03:04,하이볼잔
2023-07-19 00:03:04,닌텐도 스위치
2023-07-19 00:03:05,모트모트
2023-07-19 00:03:05,라벨스티커
2023-07-19 00:03:06,린넨원피스
2023-07-19 00:03:06,출석
2023-07-19 00:03:07,지퍼백
2023-07-19 00:03:10,지비츠
2023-07-19 00:03:10,텐바이텐배송
2023-07-19 00:03:11,출석체크
2023-07-19 00:03:11,루시아이
2023-07-19 00:03:12,닌텐도 스위치
2023-07-19 00:03:14,스티커
2023-07-19 00:03:15,스터디플래너 한달
2023-07-19 00:03:15,크라프트 노트
2023-07-19 00:03:18,7321디자인
2023-07-19 00:03:19,린넨원피스
2023-07-19 00:03:20,포차코
2023-07-19 00:03:21,닌텐도 스위치
2023-07-19 00:03:22,6인그릇세트
2023-07-19 00:03:22,파우치
2023-07-19 00:03:23,짱구
2023-07-19 00:03:23,마우스패드
2023-07-19 00:03:24,좌식화장대
2023-07-19 00:03:24,시나모롤 굿즈
2023-07-19 00:03:25,시나모롤 굿즈
2023-07-19 00:03:25,아이패드 미니 케이스
2023-07-19 00:03:27,스티커
2023-07-19 00:03:29,닌텐도 스위치
2023-07-19 00:03:30,아이패드미니파우치
2023-07-19 00:03:32,키링
2023-07-19 00:03:32,Brita Jug
2023-07-19 00:03:33,아이폰 멕세이브 케이스
2023-07-19 00:03:33,스누피
2023-07-19 00:03:34,아이폰 멕세이브 케이스
2023-07-19 00:03:34,프랭클린 다이어리 6개월치
2023-07-19 00:03:34,프랭클린 다이어리 6개월치
2023-07-19 00:03:36,텐바이텐배송
2023-07-19 00:03:37,B5 화일
2023-07-19 00:03:37,자석클립
2023-07-19 00:03:37,출석
2023-07-19 00:03:37,B5 화일
2023-07-19 00:03:38,트래블러스노트
2023-07-19 00:03:38,닌텐도 스위치
2023-07-19 00:03:40,가벼운양산
2023-07-19 00:03:41,산리오
2023-07-19 00:03:41,출석체크
2023-07-19 00:03:42,파우치
2023-07-19 00:03:42,아이패드 케이스
2023-07-19 00:03:43,짱구
2023-07-19 00:03:46,닌텐도 스위치
2023-07-19 00:03:47,산리오
2023-07-19 00:03:48,페이퍼리안 메모
2023-07-19 00:03:48,페이퍼리안 메모
2023-07-19 00:03:48,스누피
2023-07-19 00:03:53,에폭시 스티커
2023-07-19 00:03:53,마우스패드
2023-07-19 00:03:54,키링
2023-07-19 00:03:54,버즈2 프로
2023-07-19 00:03:54,닌텐도 스위치
2023-07-19 00:03:56,아이패드 케이스
2023-07-19 00:03:57,포차코
2023-07-19 00:03:59,텐바이텐배송
2023-07-19 00:04:01,짱구
2023-07-19 00:04:01,린넨원피스
2023-07-19 00:04:02,도자기앤
2023-07-19 00:04:02,도자기앤
2023-07-19 00:04:02,네온스티커
2023-07-19 00:04:02,빨래 건조대
2023-07-19 00:04:03,카페소품
2023-07-19 00:04:03,텐바이텐배송
2023-07-19 00:04:03,닌텐도 스위치
2023-07-19 00:04:04,스톱워치
2023-07-19 00:04:06,비스포크 수납장 600
2023-07-19 00:04:06,스누피
2023-07-19 00:04:06,비스포크 수납장 600
2023-07-19 00:04:06,산리오
2023-07-19 00:04:09,버즈2 프로 케이스
2023-07-19 00:04:10,키링
2023-07-19 00:04:11,7mm 노트
2023-07-19 00:04:11,닌텐도 스위치
2023-07-19 00:04:12,출석
2023-07-19 00:04:15,산리오
2023-07-19 00:04:16,리프트 책상
2023-07-19 00:04:16,텐바이텐배송
2023-07-19 00:04:17,리프트 책상
2023-07-19 00:04:19,텀블러
2023-07-19 00:04:20,닌텐도 스위치
2023-07-19 00:04:21,출석
2023-07-19 00:04:24,출석체크
2023-07-19 00:04:25,텐바이텐배송
2023-07-19 00:04:25,리릭쿠마
2023-07-19 00:04:26,리릭쿠마
2023-07-19 00:04:27,키링
2023-07-19 00:04:28,갤럭시a7 2016케이스
2023-07-19 00:04:29,닌텐도 스위치
2023-07-19 00:04:30,쿠션 마우스패드
2023-07-19 00:04:33,출석체크
2023-07-19 00:04:34,린넨원피스
2023-07-19 00:04:35,쿠마
2023-07-19 00:04:36,짱구
2023-07-19 00:04:37,스티커
2023-07-19 00:04:37,닌텐도 스위치
2023-07-19 00:04:38,오리가미
2023-07-19 00:04:38,오리가미
2023-07-19 00:04:38,산리오
2023-07-19 00:04:38,아이패드 미니 파우치
2023-07-19 00:04:39,산리오
2023-07-19 00:04:39,스티커
2023-07-19 00:04:42,출석
2023-07-19 00:04:42,a5 이형지
2023-07-19 00:04:45,닌텐도 스위치
2023-07-19 00:04:46,파우치
2023-07-19 00:04:47,디즈니
2023-07-19 00:04:48,참
2023-07-19 00:04:49,키링
2023-07-19 00:04:49,아이패드 미니 파우치
2023-07-19 00:04:51,에코백
2023-07-19 00:04:51,출석체크
2023-07-19 00:04:54,접이식 6인용식탁
2023-07-19 00:04:54,스티커
2023-07-19 00:04:54,닌텐도 스위치
2023-07-19 00:04:54,접이식 6인용식탁
2023-07-19 00:04:57,하이볼잔
2023-07-19 00:04:58,에코백
2023-07-19 00:04:58,출석체크
2023-07-19 00:04:59,짱구
2023-07-19 00:05:01,스티커팩
2023-07-19 00:05:02,마스킹테이프
2023-07-19 00:05:03,닌텐도 스위치
2023-07-19 00:05:03,출석
2023-07-19 00:05:05,귀여운 필통
2023-07-19 00:05:05,귀여운 필통
2023-07-19 00:05:05,버즈2 프로 케이스
2023-07-19 00:05:06,마스킹테이프
2023-07-19 00:05:08,스티커팩
2023-07-19 00:05:08,출석체크
2023-07-19 00:05:09,Victorinox knife
2023-07-19 00:05:09,여성샌들
2023-07-19 00:05:10,스누피
2023-07-19 00:05:10,마그레세라
2023-07-19 00:05:11,파우치
2023-07-19 00:05:11,스티커팩
2023-07-19 00:05:11,하이볼잔
2023-07-19 00:05:11,마그레세라
2023-07-19 00:05:12,닌텐도 스위치
2023-07-19 00:05:14,미니 키보드
2023-07-19 00:05:15,파우치
2023-07-19 00:05:17,린넨원피스
2023-07-19 00:05:20,닌텐도 스위치
2023-07-19 00:05:25,파우치
2023-07-19 00:05:26,스티커
2023-07-19 00:05:26,짱구
2023-07-19 00:05:27,아이띵소 호보백
2023-07-19 00:05:27,닌텐도 스위치
2023-07-19 00:05:32,스누피
2023-07-19 00:05:33,아이패드 케이스
2023-07-19 00:05:33,450ml
2023-07-19 00:05:34,아이띵소 호보백
2023-07-19 00:05:38,케이스
2023-07-19 00:05:38,까사밀라
2023-07-19 00:05:39,아이패드 케이스
2023-07-19 00:05:39,모나미
2023-07-19 00:05:40,6공 내지
2023-07-19 00:05:40,6공 내지
2023-07-19 00:05:42,원피스
2023-07-19 00:05:42,원피스
2023-07-19 00:05:44,미니 키보드
2023-07-19 00:05:46,아이패드 미니 파우치
2023-07-19 00:05:50,키보드 손목 보호패드
2023-07-19 00:05:51,키보드 손목 보호패드
2023-07-19 00:05:52,아이패드 미니 파우치
2023-07-19 00:05:53,가죽
2023-07-19 00:05:53,산리오
2023-07-19 00:05:58,핸드폰케이스
2023-07-19 00:05:58,아이패드 미니 파우치
2023-07-19 00:05:58,보조의자
2023-07-19 00:06:00,디즈니
2023-07-19 00:06:00,버즈2 프로 케이스
2023-07-19 00:06:04,짱구
2023-07-19 00:06:08,집들이선물
2023-07-19 00:06:08,마루이 헤이즐 원목
2023-07-19 00:06:08,집들이선물
2023-07-19 00:06:11,아이패드 미니 파우치
2023-07-19 00:06:11,하이볼잔
2023-07-19 00:06:14,가죽펜홀더
2023-07-19 00:06:16,키보드 캐리어
2023-07-19 00:06:17,키보드 캐리어
2023-07-19 00:06:21,산리오
2023-07-19 00:06:22,미니스케쥴러
2023-07-19 00:06:24,스탠리
2023-07-19 00:06:25,키보드 가방
2023-07-19 00:06:26,파스텔인덕션보호
2023-07-19 00:06:26,아이패드 미니 파우치
2023-07-19 00:06:30,편지봉투
2023-07-19 00:06:32,쿠로미
2023-07-19 00:06:32,그립톡
2023-07-19 00:06:35,산리오
2023-07-19 00:06:36,오프숄더 원피스
2023-07-19 00:06:36,키보드 파우치
2023-07-19 00:06:42,좌식화장대
2023-07-19 00:06:45,아이패드 미니 파우치
2023-07-19 00:06:46,거꾸로 우산
2023-07-19 00:06:47,시스템다이어리
2023-07-19 00:06:48,팬싸템
2023-07-19 00:06:48,텐바이텐배송
2023-07-19 00:06:48,팬싸템
2023-07-19 00:06:49,팬싸템
2023-07-19 00:06:49,153
2023-07-19 00:06:49,팬싸템
2023-07-19 00:06:52,갤럭시 폰케이스
2023-07-19 00:06:52,레인부츠
2023-07-19 00:06:52,갤럭시 폰케이스
2023-07-19 00:06:53,스템플러
2023-07-19 00:06:54,스티커
2023-07-19 00:06:57,코스터
2023-07-19 00:06:58,인덕션보호
2023-07-19 00:07:00,사과 일러스트
2023-07-19 00:07:00,사과 일러스트
2023-07-19 00:07:00,만년스탬프
2023-07-19 00:07:03,에어팟 케이스
2023-07-19 00:07:04,엘리멘탈
2023-07-19 00:07:07,시스템다이어리
2023-07-19 00:07:07,스누피
2023-07-19 00:07:08,엽서 세투
2023-07-19 00:07:09,키링
2023-07-19 00:07:10,엽서 세투
2023-07-19 00:07:11,마우스패드
2023-07-19 00:07:11,그립톡
2023-07-19 00:07:12,키링
2023-07-19 00:07:13,에어팟 케이스
2023-07-19 00:07:14,선물
2023-07-19 00:07:15,엽서 세트
2023-07-19 00:07:15,출석
2023-07-19 00:07:19,출석체크
2023-07-19 00:07:19,트래블러스노트 참
2023-07-19 00:07:19,속바지
2023-07-19 00:07:19,키보드 파우치
2023-07-19 00:07:20,트래블러스노트 참
2023-07-19 00:07:20,산리오
2023-07-19 00:07:21,축하
2023-07-19 00:07:23,산리오
2023-07-19 00:07:24,참
2023-07-19 00:07:24,인디고 네컷
2023-07-19 00:07:25,레디백
2023-07-19 00:07:25,레디백
2023-07-19 00:07:25,파우치
2023-07-19 00:07:26,산리오
2023-07-19 00:07:28,산리오
2023-07-19 00:07:32,벽시계
2023-07-19 00:07:33,짱구
2023-07-19 00:07:35,텐바이텐배송
2023-07-19 00:07:37,에어팟 케이스
2023-07-19 00:07:38,파우치
2023-07-19 00:07:38,참
2023-07-19 00:07:39,B5바인더
2023-07-19 00:07:41,스티커
2023-07-19 00:07:43,앞치마쇼핑몰
2023-07-19 00:07:44,스누피
2023-07-19 00:07:44,후카후카스튜디오
2023-07-19 00:07:45,참
2023-07-19 00:07:45,린넨원피스
2023-07-19 00:07:45,코스터
2023-07-19 00:07:47,멀티탭선반
2023-07-19 00:07:49,엽서 세트
2023-07-19 00:07:50,산리오
2023-07-19 00:07:52,블랙박스
2023-07-19 00:07:53,여권파우치
2023-07-19 00:07:53,무선고데기
2023-07-19 00:07:53,여권파우치
2023-07-19 00:07:54,노트북파우치
2023-07-19 00:07:54,키보드 파우치
2023-07-19 00:07:55,키링
2023-07-19 00:07:56,아이패드 케이스
2023-07-19 00:07:57,파우치
2023-07-19 00:07:58,짱구
2023-07-19 00:07:58,짱구
2023-07-19 00:07:59,맥북 파우치
2023-07-19 00:07:59,하프백
2023-07-19 00:07:59,맥북 파우치
2023-07-19 00:08:00,참
2023-07-19 00:08:01,갤럭시a퀀텀카드케이스
2023-07-19 00:08:04,퍼니큐브 3단 대용량 리빙박스 67L
2023-07-19 00:08:07,레트로선풍기
2023-07-19 00:08:07,퍼니큐브 3단 대용량 리빙박스 67L
2023-07-19 00:08:07,벽시계
2023-07-19 00:08:07,레트로선풍기
2023-07-19 00:08:08,출석
2023-07-19 00:08:09,자석병따개
2023-07-19 00:08:10,자석병따개
2023-07-19 00:08:11,에어팟 케이스
2023-07-19 00:08:12,키보드 파우치
2023-07-19 00:08:17,출석체크
2023-07-19 00:08:17,노트북 파우치
2023-07-19 00:08:17,노트북거치대
2023-07-19 00:08:18,큐브 3단 리빙박스
2023-07-19 00:08:18,아이띵소
2023-07-19 00:08:18,엽서 세트
2023-07-19 00:08:19,큐브 3단 리빙박스
2023-07-19 00:08:19,자바 네온
2023-07-19 00:08:19,자바 네온
2023-07-19 00:08:19,파우치
2023-07-19 00:08:21,키보드 파우치
2023-07-19 00:08:21,위글위글폰케이스
2023-07-19 00:08:23,위글위글폰케이스
2023-07-19 00:08:24,OMR카드
2023-07-19 00:08:27,마우스패드
2023-07-19 00:08:27,짱구
2023-07-19 00:08:28,벽시계
2023-07-19 00:08:28,린넨원피스
2023-07-19 00:08:32,애플펜슬 펜촉
2023-07-19 00:08:33,Brita Jug
2023-07-19 00:08:33,14프로 폰케이스
2023-07-19 00:08:33,스티키메모
2023-07-19 00:08:34,노트북 파우치
2023-07-19 00:08:35,헬로키티 자동우산
2023-07-19 00:08:35,헬로키티 자동우산
2023-07-19 00:08:36,산리오
2023-07-19 00:08:37,스누피
2023-07-19 00:08:39,마샬 스피커
2023-07-19 00:08:39,마샬 스피커
2023-07-19 00:08:39,캐논 인스픽 스티커 인화지
2023-07-19 00:08:40,엽서 세트
2023-07-19 00:08:41,그립톡
2023-07-19 00:08:42,솔트워커
2023-07-19 00:08:42,아이띵소
2023-07-19 00:08:43,솔트워커
2023-07-19 00:08:44,아이패드 케이스
2023-07-19 00:08:46,마그레세라
2023-07-19 00:08:47,솔트워터
2023-07-19 00:08:47,마그레세라
2023-07-19 00:08:47,텐바이텐배송
2023-07-19 00:08:48,집게삔
2023-07-19 00:08:48,집게삔
2023-07-19 00:08:53,파스텔필통
2023-07-19 00:08:53,파스텔필통
2023-07-19 00:08:54,접이식 모자
2023-07-19 00:08:54,접이식 모자
2023-07-19 00:08:55,타포린백
2023-07-19 00:09:01,텐바이텐배송
2023-07-19 00:09:01,엽서 세트
2023-07-19 00:09:02,벽시계
2023-07-19 00:09:04,남자 코스프레
2023-07-19 00:09:04,남자 코스프레
2023-07-19 00:09:05,스마일 블라썸 케이스
2023-07-19 00:09:06,스티커
2023-07-19 00:09:09,무선키보드
2023-07-19 00:09:09,마우스패드
2023-07-19 00:09:15,키링
2023-07-19 00:09:17,스톱워치
2023-07-19 00:09:17,에어팟 키링
2023-07-19 00:09:20,텐바이텐배송
2023-07-19 00:09:21,벽시계
2023-07-19 00:09:23,17형
2023-07-19 00:09:24,타이머
2023-07-19 00:09:25,미피
2023-07-19 00:09:25,미피
2023-07-19 00:09:25,출석
2023-07-19 00:09:26,악세사리
2023-07-19 00:09:28,엽서 세트
2023-07-19 00:09:29,무선키보드
2023-07-19 00:09:30,폴꾸앨범
2023-07-19 00:09:30,폴꾸앨범
2023-07-19 00:09:32,산리오
2023-07-19 00:09:32,그립톡
2023-07-19 00:09:34,탑로더
2023-07-19 00:09:34,탑로더
2023-07-19 00:09:36,산리오
2023-07-19 00:09:37,산리오
2023-07-19 00:09:39,포차코 문구세트
2023-07-19 00:09:41,키링
2023-07-19 00:09:43,마우스패드 장패드
2023-07-19 00:09:44,거꾸로 우산
2023-07-19 00:09:44,텐바이텐배송
2023-07-19 00:09:46,출석체크
2023-07-19 00:09:47,스티커
2023-07-19 00:09:49,키링
2023-07-19 00:09:49,닌텐도 스위치
2023-07-19 00:09:52,나무파레트
2023-07-19 00:09:52,출석
2023-07-19 00:09:53,키링
2023-07-19 00:09:53,닌텐도 스위치
2023-07-19 00:09:54,유리저그 뚜껑
2023-07-19 00:09:54,유리저그 뚜껑
2023-07-19 00:09:54,출석체크
2023-07-19 00:09:54,짱구
2023-07-19 00:09:57,파우치
2023-07-19 00:09:57,가방걸이
2023-07-19 00:09:57,파우치
2023-07-19 00:09:59,짱구
2023-07-19 00:10:00,벽시계
2023-07-19 00:10:02,짱구
2023-07-19 00:10:03,출석
2023-07-19 00:10:06,스누피
2023-07-19 00:10:06,Victorinox knife
2023-07-19 00:10:06,출석
2023-07-19 00:10:08,틈새수납장
2023-07-19 00:10:08,아이패드 케이스
2023-07-19 00:10:09,출석체크
2023-07-19 00:10:10,버즈2 프로 케이스
2023-07-19 00:10:11,매시파우치
2023-07-19 00:10:11,매시파우치
2023-07-19 00:10:13,출석체크
2023-07-19 00:10:15,스티커
2023-07-19 00:10:15,스티커
2023-07-19 00:10:16,짱구
2023-07-19 00:10:18,엽서 세트
2023-07-19 00:10:18,마우스패드 장패드
2023-07-19 00:10:19,쿨스카프
2023-07-19 00:10:19,에코백
2023-07-19 00:10:20,에코백
2023-07-19 00:10:20,미트페이퍼
2023-07-19 00:10:21,마틸라
2023-07-19 00:10:24,여권케이스
2023-07-19 00:10:25,위클리 속지
2023-07-19 00:10:26,쓰리마인즈
2023-07-19 00:10:26,스티커팩
2023-07-19 00:10:26,쓰리마인즈
2023-07-19 00:10:26,갤럭시 폰케이스
2023-07-19 00:10:27,갤럭시 폰케이스
2023-07-19 00:10:28,자석 선정리
2023-07-19 00:10:29,스티커팩
2023-07-19 00:10:29,자석 선정리
2023-07-19 00:10:31,모노키니수영복
2023-07-19 00:10:31,스누피
2023-07-19 00:10:32,용돈박스
2023-07-19 00:10:32,용돈박스
2023-07-19 00:10:32,철재가구
2023-07-19 00:10:34,산리오 열쇠고리
2023-07-19 00:10:34,여권케이스
2023-07-19 00:10:36,파우치
2023-07-19 00:10:38,벽시계
2023-07-19 00:10:39,approch
2023-07-19 00:10:39,approch
2023-07-19 00:10:40,파우치
2023-07-19 00:10:41,스트랩슈즈
2023-07-19 00:10:43,엽서
2023-07-19 00:10:43,아이패드 케이스
2023-07-19 00:10:46,엽서 세트
2023-07-19 00:10:48,깨갈이
2023-07-19 00:10:48,깨갈이
2023-07-19 00:10:58,물고기 목걸이
2023-07-19 00:10:58,소스용기
2023-07-19 00:10:58,스텐실 도안
2023-07-19 00:10:58,물고기 목걸이
2023-07-19 00:11:01,엽서 세트
2023-07-19 00:11:01,마우스패드 장패드
2023-07-19 00:11:02,산리오
2023-07-19 00:11:03,스노클링안경테
2023-07-19 00:11:09,비닐봉투걸이
2023-07-19 00:11:10,숫자패드
2023-07-19 00:11:10,벽시계
2023-07-19 00:11:12,퍼터커버
2023-07-19 00:11:12,축하
2023-07-19 00:11:12,2023 다이어리
2023-07-19 00:11:13,커블체어
2023-07-19 00:11:14,커블체어
2023-07-19 00:11:14,텐바이텐배송
2023-07-19 00:11:18,쓰리마인즈
2023-07-19 00:11:18,쓰리마인즈
2023-07-19 00:11:18,엽서 세트
2023-07-19 00:11:22,스티커
2023-07-19 00:11:23,재떨이
2023-07-19 00:11:28,마우스패드 장패드
2023-07-19 00:11:30,탁상용 선풍기
2023-07-19 00:11:30,집들이선물
2023-07-19 00:11:31,usb
2023-07-19 00:11:32,키링
2023-07-19 00:11:33,아이패드 케이스
2023-07-19 00:11:34,산리오 열쇠고리
2023-07-19 00:11:36,모니터받침대
2023-07-19 00:11:39,티켓인
2023-07-19 00:11:41,마우스패드 장패드
2023-07-19 00:11:43,벽시계
2023-07-19 00:11:48,엽서 세트
2023-07-19 00:11:53,출석
2023-07-19 00:11:55,ahsld
2023-07-19 00:11:56,ahsld
2023-07-19 00:12:01,채아트
2023-07-19 00:12:01,엽서 세트
2023-07-19 00:12:01,채아트
2023-07-19 00:12:03,로마네
2023-07-19 00:12:05,모닝글로리
2023-07-19 00:12:06,벽시계
2023-07-19 00:12:08,에이프릴지저스
2023-07-19 00:12:09,핑크풋
2023-07-19 00:12:11,텀블러 정리
2023-07-19 00:12:12,출석체크
2023-07-19 00:12:14,스트랩
2023-07-19 00:12:15,우산
2023-07-19 00:12:17,데일리 플래너 pdf
2023-07-19 00:12:18,필기연필
2023-07-19 00:12:19,벽시계
2023-07-19 00:12:19,5569453
2023-07-19 00:12:20,스탬프
2023-07-19 00:12:20,엽서 세트
2023-07-19 00:12:20,스템플러
2023-07-19 00:12:20,노트북 파우치
2023-07-19 00:12:21,집들이선물
2023-07-19 00:12:22,미용앞치마
2023-07-19 00:12:23,캐리어벨트
2023-07-19 00:12:23,캐리어벨트
2023-07-19 00:12:24,파우치
2023-07-19 00:12:26,백바
2023-07-19 00:12:29,굴리굴리
2023-07-19 00:12:29,굴리굴리
2023-07-19 00:12:29,블랙박스
2023-07-19 00:12:30,벽시계
2023-07-19 00:12:35,히치하이커
2023-07-19 00:12:37,우드 티코스터
2023-07-19 00:12:37,우드 티코스터
2023-07-19 00:12:38,라이브워크
2023-07-19 00:12:38,린넨암막커튼
2023-07-19 00:12:39,모눈노트
2023-07-19 00:12:40,짱구
2023-07-19 00:12:41,족집게
2023-07-19 00:12:46,벽시계
2023-07-19 00:12:48,스누피
2023-07-19 00:12:50,엽서 세트
2023-07-19 00:12:51,로마네
2023-07-19 00:12:52,아이패드 케이스
2023-07-19 00:12:53,장우산
2023-07-19 00:12:53,벽시계
2023-07-19 00:12:59,볼록 거울
2023-07-19 00:13:00,도시락 수저통
2023-07-19 00:13:00,볼록 거울
2023-07-19 00:13:00,도시락 수저통
2023-07-19 00:13:06,쿨매트
2023-07-19 00:13:06,쿨매트
2023-07-19 00:13:06,히치하이커
2023-07-19 00:13:06,마리우스파브르
2023-07-19 00:13:08,4인쇼파
2023-07-19 00:13:08,라이브워크
2023-07-19 00:13:09,로마네
2023-07-19 00:13:11,북앤드
2023-07-19 00:13:15,스티키메모
2023-07-19 00:13:15,B5클립보드
2023-07-19 00:13:23,시스템다이어리
2023-07-19 00:13:24,엽서 세트
2023-07-19 00:13:25,닌텐도 스위치
2023-07-19 00:13:25,로마네
2023-07-19 00:13:26,닌텐도 스위치
2023-07-19 00:13:28,모듈 협탁
2023-07-19 00:13:29,모듈 협탁
2023-07-19 00:13:31,마테 커터
2023-07-19 00:13:32,텀블러
2023-07-19 00:13:32,시나모롤
2023-07-19 00:13:32,Brita Jug
2023-07-19 00:13:32,종아리 롤러
2023-07-19 00:13:36,닌텐도 스위치
2023-07-19 00:13:36,DIY북앤드
2023-07-19 00:13:37,벽시계
2023-07-19 00:13:39,팝업카드
2023-07-19 00:13:39,다이어트+쉐이크
2023-07-19 00:13:40,청소 가능한 탁상용 선풍기
2023-07-19 00:13:41,8x10
2023-07-19 00:13:41,청소 가능한 탁상용 선풍기
2023-07-19 00:13:43,빅먼슬리
2023-07-19 00:13:44,벽시계
2023-07-19 00:13:44,닌텐도 스위치
2023-07-19 00:13:45,청소 탁상용 선풍기
2023-07-19 00:13:46,청소 탁상용 선풍기
2023-07-19 00:13:50,탁상용 선풍기
2023-07-19 00:13:51,시스템다이어리
2023-07-19 00:13:52,닌텐도 스위치
2023-07-19 00:13:53,벽시계
2023-07-19 00:13:53,엽서 세트
2023-07-19 00:13:55,롤 메탈포장지
2023-07-19 00:13:57,접이식 포터
2023-07-19 00:13:57,접이식 포터
2023-07-19 00:13:58,닌텐도 스위치
2023-07-19 00:14:03,8x10
2023-07-19 00:14:05,닌텐도 스위치
2023-07-19 00:14:06,엽서 세트
2023-07-19 00:14:08,요가복
2023-07-19 00:14:08,요가복
2023-07-19 00:14:08,축하
2023-07-19 00:14:08,텀블러 정리
2023-07-19 00:14:09,케이스
2023-07-19 00:14:09,랜덤피규어
2023-07-19 00:14:11,마테 커터
2023-07-19 00:14:12,닌텐도 스위치
2023-07-19 00:14:15,아이폰스트랩케이스
2023-07-19 00:14:19,닌텐도 스위치
2023-07-19 00:14:20,숫자키패드
2023-07-19 00:14:22,미니어쳐
2023-07-19 00:14:23,여성발목양말
2023-07-19 00:14:23,여성발목양말
2023-07-19 00:14:25,닌텐도 스위치
2023-07-19 00:14:25,산리오 슬리퍼
2023-07-19 00:14:26,엽서 세트
2023-07-19 00:14:28,산리오
2023-07-19 00:14:28,벽시계
2023-07-19 00:14:29,숫자패드
2023-07-19 00:14:31,닌텐도 스위치
2023-07-19 00:14:34,텐바이텐배송
2023-07-19 00:14:37,닌텐도 스위치
2023-07-19 00:14:42,클램
2023-07-19 00:14:42,닌텐도 스위치
2023-07-19 00:14:42,엽서 세트
2023-07-19 00:14:43,버즈2 프로 케이스
2023-07-19 00:14:47,위로 엽서
2023-07-19 00:14:48,스티커
2023-07-19 00:14:49,닌텐도 스위치
2023-07-19 00:14:49,메듀즈 썬레이
2023-07-19 00:14:50,블라인드
2023-07-19 00:14:50,산리오 열쇠고리
2023-07-19 00:14:50,블라인드
2023-07-19 00:14:50,케이스
2023-07-19 00:14:51,메듀즈 썬레이
2023-07-19 00:14:55,키링
2023-07-19 00:14:56,닌텐도 스위치
2023-07-19 00:14:56,파티용품
2023-07-19 00:14:58,옥이샘
2023-07-19 00:14:59,Pencil case
2023-07-19 00:15:01,Pencil case
2023-07-19 00:15:02,닌텐도 스위치
2023-07-19 00:15:02,pencil case
2023-07-19 00:15:04,보조배터리
2023-07-19 00:15:05,회전서랍
2023-07-19 00:15:05,축하
2023-07-19 00:15:06,아이코닉 스케쥴러
2023-07-19 00:15:06,Victorinox knife
2023-07-19 00:15:06,출석
2023-07-19 00:15:07,닌텐도 스위치
2023-07-19 00:15:07,엽서 세트
2023-07-19 00:15:10,메모지
2023-07-19 00:15:12,롤링 테이프
2023-07-19 00:15:14,롤링 테이프
2023-07-19 00:15:14,랜덤피규어
2023-07-19 00:15:16,닌텐도 스위치
2023-07-19 00:15:18,닭
2023-07-19 00:15:19,랜덤피규어
2023-07-19 00:15:19,출석체크
2023-07-19 00:15:20,하이퍼엑스
2023-07-19 00:15:21,닌텐도 스위치
2023-07-19 00:15:22,파티용품
2023-07-19 00:15:24,산리오
2023-07-19 00:15:27,여권파우치
2023-07-19 00:15:27,여권파우치
2023-07-19 00:15:30,닌텐도 스위치
2023-07-19 00:15:31,솔트워터
2023-07-19 00:15:31,엽서 세트
2023-07-19 00:15:32,벽시계
2023-07-19 00:15:32,파우치
2023-07-19 00:15:33,요이치 팬텀
2023-07-19 00:15:34,요이치 팬텀
2023-07-19 00:15:35,폰스트랩 블랙
2023-07-19 00:15:36,베르사체 브리즈 라텍스 아이스 쿨매트
2023-07-19 00:15:36,폰스트랩 블랙
2023-07-19 00:15:36,닌텐도 스위치
2023-07-19 00:15:37,에어팟 3세대 케이스
2023-07-19 00:15:38,파티용품
2023-07-19 00:15:40,듀얼충전기
2023-07-19 00:15:42,엽서 세트
2023-07-19 00:15:43,닌텐도 스위치
2023-07-19 00:15:44,클램
2023-07-19 00:15:44,보조배터리
2023-07-19 00:15:44,짱구
2023-07-19 00:15:44,축하
2023-07-19 00:15:46,에드학
2023-07-19 00:15:46,에드학
2023-07-19 00:15:47,usb
2023-07-19 00:15:53,포도알 스티커
2023-07-19 00:15:54,닌텐도 스위치
2023-07-19 00:15:55,블랙 보드판
2023-07-19 00:15:55,케이스
2023-07-19 00:15:55,벽시계
2023-07-19 00:15:55,스탑워치
2023-07-19 00:15:56,발받침대
2023-07-19 00:15:56,발받침대
2023-07-19 00:15:57,닭
2023-07-19 00:15:57,회전 수납장
2023-07-19 00:15:58,스누피
2023-07-19 00:15:58,엽서 세트
2023-07-19 00:15:59,파티용품
2023-07-19 00:16:01,닌텐도 스위치
2023-07-19 00:16:05,돗자리
2023-07-19 00:16:05,닥터스탠드
2023-07-19 00:16:06,스누피 데스크매트
2023-07-19 00:16:07,닌텐도 스위치
2023-07-19 00:16:07,그립톡
2023-07-19 00:16:09,보조배터리
2023-07-19 00:16:10,가습기
2023-07-19 00:16:11,미니서랍
2023-07-19 00:16:11,usb
2023-07-19 00:16:11,미니서랍
2023-07-19 00:16:12,아이패드 케이스
2023-07-19 00:16:12,세모 마우스패드
2023-07-19 00:16:13,아이띵소
2023-07-19 00:16:14,닌텐도 스위치
2023-07-19 00:16:15,마우스패드
2023-07-19 00:16:15,마우스패드
2023-07-19 00:16:17,엽서 세트
2023-07-19 00:16:17,usb메모리
2023-07-19 00:16:19,하얀샵
2023-07-19 00:16:19,하얀샵
2023-07-19 00:16:20,닌텐도 스위치
2023-07-19 00:16:22,파티용품
2023-07-19 00:16:22,벽시계
2023-07-19 00:16:26,닌텐도 스위치
2023-07-19 00:16:27,그립톡
2023-07-19 00:16:29,usb 64
2023-07-19 00:16:29,장바구니
2023-07-19 00:16:32,닌텐도 스위치
2023-07-19 00:16:35,코듀라
2023-07-19 00:16:36,색소지 접시
2023-07-19 00:16:36,키티 usb
2023-07-19 00:16:37,엽서 세트
2023-07-19 00:16:37,키링
2023-07-19 00:16:39,벽시계
2023-07-19 00:16:39,케이스
2023-07-19 00:16:39,필통
2023-07-19 00:16:40,색소지 접시
2023-07-19 00:16:40,폰 스트랩
2023-07-19 00:16:40,닌텐도 스위치
2023-07-19 00:16:41,도자기 접시
2023-07-19 00:16:47,밸트 커버
2023-07-19 00:16:47,해바라기그림
2023-07-19 00:16:48,닌텐도 스위치
2023-07-19 00:16:49,밸트 커버
2023-07-19 00:16:51,다꾸 배경지
2023-07-19 00:16:53,산리오
2023-07-19 00:16:54,텐바이텐배송
2023-07-19 00:16:54,축하
2023-07-19 00:16:54,필통
2023-07-19 00:16:54,아크릴 마그넷
2023-07-19 00:16:55,닌텐도 스위치
2023-07-19 00:16:57,벽시계
2023-07-19 00:16:58,손수건
2023-07-19 00:16:58,스티커
2023-07-19 00:16:58,A5포스터
2023-07-19 00:16:59,A5포스터
2023-07-19 00:17:01,키링
2023-07-19 00:17:01,닌텐도 스위치
2023-07-19 00:17:03,철제책상
2023-07-19 00:17:04,출석
2023-07-19 00:17:04,키링
2023-07-19 00:17:05,푸 후라이
2023-07-19 00:17:06,출석체크
2023-07-19 00:17:07,파우치
2023-07-19 00:17:08,닌텐도 스위치
2023-07-19 00:17:10,푸
2023-07-19 00:17:12,모니터선반
2023-07-19 00:17:13,산리오
2023-07-19 00:17:16,닌텐도 스위치
2023-07-19 00:17:16,짱구
2023-07-19 00:17:17,우산
2023-07-19 00:17:17,쿠로미 usb
2023-07-19 00:17:18,벽시계
2023-07-19 00:17:19,일본인테리어소품
2023-07-19 00:17:20,스누피
2023-07-19 00:17:21,음수대
2023-07-19 00:17:21,먼슬리
2023-07-19 00:17:22,음수대
2023-07-19 00:17:23,엽서 세트
2023-07-19 00:17:25,닌텐도 스위치
2023-07-19 00:17:26,아이패드 케이스
2023-07-19 00:17:30,키링
2023-07-19 00:17:30,음료수 배분
2023-07-19 00:17:30,산리오 선풍기
2023-07-19 00:17:31,음료수 배분
2023-07-19 00:17:31,닌텐도 스위치
2023-07-19 00:17:31,라이프썸
2023-07-19 00:17:32,텐바이텐배송
2023-07-19 00:17:32,회전 서랍
2023-07-19 00:17:37,닌텐도 스위치
2023-07-19 00:17:38,산리오
2023-07-19 00:17:41,접이식밥상
2023-07-19 00:17:41,산리오
2023-07-19 00:17:41,tyeso 텀블러
2023-07-19 00:17:41,접이식밥상
2023-07-19 00:17:42,텐바이텐배송
2023-07-19 00:17:43,엽서 세트
2023-07-19 00:17:44,에드학
2023-07-19 00:17:44,닌텐도 스위치
2023-07-19 00:17:45,스티커
2023-07-19 00:17:45,텀블러
2023-07-19 00:17:45,텀블러
2023-07-19 00:17:46,포토 스티커
2023-07-19 00:17:47,키링
2023-07-19 00:17:47,스템플러
2023-07-19 00:17:48,숟가락세트
2023-07-19 00:17:48,텐바이텐배송
2023-07-19 00:17:50,장우산
2023-07-19 00:17:51,포스터
2023-07-19 00:17:51,미피 SS
2023-07-19 00:17:54,닌텐도 스위치
2023-07-19 00:17:55,출석
2023-07-19 00:17:55,산리오 선풍기
2023-07-19 00:17:56,닭
2023-07-19 00:17:56,산리오
2023-07-19 00:17:57,축하
2023-07-19 00:17:57,외계인 선글라스
2023-07-19 00:17:57,출석체크
2023-07-19 00:17:58,추상화
2023-07-19 00:17:58,자석보드
2023-07-19 00:17:59,맥북 파우치
2023-07-19 00:17:59,맥북 파우치
2023-07-19 00:18:00,스티커
2023-07-19 00:18:00,모니터선반
2023-07-19 00:18:01,테니스
2023-07-19 00:18:01,테니스
2023-07-19 00:18:01,캔들
2023-07-19 00:18:01,닌텐도 스위치
2023-07-19 00:18:02,파우치
2023-07-19 00:18:08,여권케이스
2023-07-19 00:18:09,모던
2023-07-19 00:18:09,닌텐도 스위치
2023-07-19 00:18:10,키링
2023-07-19 00:18:11,커피 거름
2023-07-19 00:18:11,반팔티
2023-07-19 00:18:11,접이식테이블
2023-07-19 00:18:14,장우산
2023-07-19 00:18:14,여권케이스
2023-07-19 00:18:16,미피
2023-07-19 00:18:16,산리오
2023-07-19 00:18:16,짱구
2023-07-19 00:18:17,15인치노트북파우치
2023-07-19 00:18:18,닌텐도 스위치
2023-07-19 00:18:19,텐바이텐배송
2023-07-19 00:18:19,출석
2023-07-19 00:18:19,커먼유니크
2023-07-19 00:18:20,미니집게
2023-07-19 00:18:21,스누피
2023-07-19 00:18:22,벽시계
2023-07-19 00:18:23,월정사탑
2023-07-19 00:18:23,출석체크
2023-07-19 00:18:23,스티커
2023-07-19 00:18:24,월정사탑
2023-07-19 00:18:24,모던 추상화
2023-07-19 00:18:25,닌텐도 스위치
2023-07-19 00:18:27,그립톡
2023-07-19 00:18:27,키링
2023-07-19 00:18:27,스탠리
2023-07-19 00:18:28,여성 슬링백가방
2023-07-19 00:18:28,여성 슬링백가방
2023-07-19 00:18:29,월정사
2023-07-19 00:18:29,아이패드 케이스
2023-07-19 00:18:31,메팔
2023-07-19 00:18:31,출석
2023-07-19 00:18:33,모눈노트
2023-07-19 00:18:34,Brita Jug
2023-07-19 00:18:35,닭
2023-07-19 00:18:36,먼슬리
2023-07-19 00:18:36,모니터선반
2023-07-19 00:18:37,출석체크
2023-07-19 00:18:37,닌텐도 스위치
2023-07-19 00:18:39,파우치
2023-07-19 00:18:39,파우치
2023-07-19 00:18:40,짱구
2023-07-19 00:18:42,핸드폰케이스
2023-07-19 00:18:43,캔들
2023-07-19 00:18:43,닌텐도 스위치
2023-07-19 00:18:44,스누피
2023-07-19 00:18:44,소형집게
2023-07-19 00:18:44,쿠로미
2023-07-19 00:18:45,인형키링
2023-07-19 00:18:47,아이패드 케이스
2023-07-19 00:18:48,짱구
2023-07-19 00:18:49,벽시계
2023-07-19 00:18:51,닌텐도 스위치
2023-07-19 00:18:53,산리오
2023-07-19 00:18:54,테니스
2023-07-19 00:18:55,스누피
2023-07-19 00:18:59,메쉬 파우치 포켓
2023-07-19 00:18:59,닌텐도 스위치
2023-07-19 00:18:59,메쉬 파우치 포켓
2023-07-19 00:19:00,우산
2023-07-19 00:19:04,미피
2023-07-19 00:19:04,캠핑 가랜드
2023-07-19 00:19:05,벽시계
2023-07-19 00:19:06,닌텐도 스위치
2023-07-19 00:19:07,모니터선반
2023-07-19 00:19:07,요거트메이커
2023-07-19 00:19:07,버켄스탁
2023-07-19 00:19:08,마우스패드
2023-07-19 00:19:09,아이패드 케이스
2023-07-19 00:19:11,닌텐도 스위치
2023-07-19 00:19:13,텀블러
2023-07-19 00:19:14,젤리크루
2023-07-19 00:19:14,젤리크루
2023-07-19 00:19:18,젤리크루
2023-07-19 00:19:18,장우산
2023-07-19 00:19:20,빨래 건조대
2023-07-19 00:19:21,식집사
2023-07-19 00:19:21,커먼유니크
2023-07-19 00:19:21,닌텐도 스위치
2023-07-19 00:19:24,산리오
2023-07-19 00:19:27,모던 추상화
2023-07-19 00:19:27,지비츠
2023-07-19 00:19:28,닌텐도 스위치
2023-07-19 00:19:30,텀블러
2023-07-19 00:19:31,수키도키;
2023-07-19 00:19:32,비누
2023-07-19 00:19:34,장우산
2023-07-19 00:19:35,4914740
2023-07-19 00:19:36,유리컵
2023-07-19 00:19:36,닌텐도 스위치
2023-07-19 00:19:37,텐바이텐배송
2023-07-19 00:19:37,산리오
2023-07-19 00:19:39,일본소품
2023-07-19 00:19:40,텐바이텐배송
2023-07-19 00:19:41,모니터선반
2023-07-19 00:19:41,스티커
2023-07-19 00:19:41,텐텐배송
2023-07-19 00:19:42,닌텐도 스위치
2023-07-19 00:19:43,매쉬파우치
2023-07-19 00:19:43,텀블러
2023-07-19 00:19:44,식물등
2023-07-19 00:19:44,인디고 작업
2023-07-19 00:19:45,키링
2023-07-19 00:19:46,무선충전 협탁
2023-07-19 00:19:46,산리오
2023-07-19 00:19:47,출석
2023-07-19 00:19:47,유리컵
2023-07-19 00:19:48,싱크대 틈새
2023-07-19 00:19:48,닌텐도 스위치
2023-07-19 00:19:48,싱크대 틈새
2023-07-19 00:19:50,키링
2023-07-19 00:19:50,벽시계
2023-07-19 00:19:51,출석체크
2023-07-19 00:19:51,짱구
2023-07-19 00:19:53,파우치
2023-07-19 00:19:53,배게
2023-07-19 00:19:54,여성장화
2023-07-19 00:19:54,여성장화
2023-07-19 00:19:55,닌텐도 스위치
2023-07-19 00:19:56,씽크망
2023-07-19 00:19:56,씽크망
2023-07-19 00:19:56,짱구
2023-07-19 00:19:57,미피
2023-07-19 00:19:57,이불수납
2023-07-19 00:19:57,스누피
2023-07-19 00:19:57,배게
2023-07-19 00:19:58,유리컵
2023-07-19 00:19:59,화장실의자
2023-07-19 00:19:59,아이패드 케이스
2023-07-19 00:19:59,출석
2023-07-19 00:19:59,화장실의자
2023-07-19 00:20:00,막대사탕
2023-07-19 00:20:00,닌텐도 스위치
2023-07-19 00:20:01,고양이 원목 화장실
2023-07-19 00:20:02,달력
2023-07-19 00:20:02,핸드워시
2023-07-19 00:20:04,500
2023-07-19 00:20:04,유리컵
2023-07-19 00:20:05,출석체크
2023-07-19 00:20:05,Victorinox knife
2023-07-19 00:20:07,벽시계
2023-07-19 00:20:08,랜덤피규어
2023-07-19 00:20:08,다꾸 조며ㅛㅇ
2023-07-19 00:20:08,닌텐도 스위치
2023-07-19 00:20:09,다꾸 조며ㅛㅇ
2023-07-19 00:20:10,텀블러
2023-07-19 00:20:10,스티커
2023-07-19 00:20:11,산리오
2023-07-19 00:20:13,닌텐도 스위치
2023-07-19 00:20:14,에코백
2023-07-19 00:20:15,유리컵
2023-07-19 00:20:15,7321
2023-07-19 00:20:16,다꾸조명
2023-07-19 00:20:16,미용 티슈 케이스
2023-07-19 00:20:17,식기건조대
2023-07-19 00:20:18,스티커팩
2023-07-19 00:20:19,스티커팩
2023-07-19 00:20:19,닌텐도 스위치
2023-07-19 00:20:20,다용도세제
2023-07-19 00:20:21,양배추채칼
2023-07-19 00:20:21,식기건조대
2023-07-19 00:20:21,양배추채칼
2023-07-19 00:20:23,매쉬파우치
2023-07-19 00:20:23,선풍기
2023-07-19 00:20:23,파우치
2023-07-19 00:20:24,닌텐도 스위치
2023-07-19 00:20:25,귀여운
2023-07-19 00:20:26,스템프
2023-07-19 00:20:26,위글위글
2023-07-19 00:20:29,여름원피스
2023-07-19 00:20:29,여름원피스
2023-07-19 00:20:30,벽시계
2023-07-19 00:20:31,아미보
2023-07-19 00:20:32,닌텐도 스위치
2023-07-19 00:20:33,라미에스
2023-07-19 00:20:34,스템플러
2023-07-19 00:20:35,2단보온도시락
2023-07-19 00:20:35,plants
2023-07-19 00:20:35,2단보온도시락
2023-07-19 00:20:35,붓거치대
2023-07-19 00:20:36,붓거치대
2023-07-19 00:20:38,닌텐도 스위치
2023-07-19 00:20:40,미피
2023-07-19 00:20:41,스누피
2023-07-19 00:20:44,닌텐도 스위치
2023-07-19 00:20:46,벽시계
2023-07-19 00:20:48,실내화
2023-07-19 00:20:49,닌텐도 스위치
2023-07-19 00:20:51,곰고미 인형
2023-07-19 00:20:51,곰고미 인형
2023-07-19 00:20:55,스템플러
2023-07-19 00:20:56,에드학
2023-07-19 00:20:56,에드학
2023-07-19 00:20:57,일본 인테리어 소품
2023-07-19 00:20:57,닌텐도 스위치
2023-07-19 00:20:59,보온도시락통
2023-07-19 00:20:59,디즈니
2023-07-19 00:21:00,위글위글 케이스
2023-07-19 00:21:02,벽시계
2023-07-19 00:21:03,카드수납케이스
2023-07-19 00:21:03,이불수납
2023-07-19 00:21:03,닌텐도 스위치
2023-07-19 00:21:08,우양산
2023-07-19 00:21:09,종이수건
2023-07-19 00:21:09,커트러리
2023-07-19 00:21:10,닌텐도 스위치
2023-07-19 00:21:12,축하
2023-07-19 00:21:12,모니터선반
2023-07-19 00:21:12,디즈니
2023-07-19 00:21:13,실리콘딜도
2023-07-19 00:21:13,실리콘딜도
2023-07-19 00:21:14,스티커팩
2023-07-19 00:21:16,닌텐도 스위치
2023-07-19 00:21:16,루카디스 S11 나폴리 스퀘어 선글라스 투명그레이
2023-07-19 00:21:17,화장실의자
2023-07-19 00:21:17,화장실의자
2023-07-19 00:21:18,산리오
2023-07-19 00:21:20,보틀
2023-07-19 00:21:21,코파스
2023-07-19 00:21:22,닌텐도 스위치
2023-07-19 00:21:23,장우산
2023-07-19 00:21:25,트롤리 수납
2023-07-19 00:21:25,트롤리 수납
2023-07-19 00:21:25,얼음트레이
2023-07-19 00:21:26,텐바이텐배송
2023-07-19 00:21:28,아이스 수건
2023-07-19 00:21:28,닌텐도 스위치
2023-07-19 00:21:28,아이스 수건
2023-07-19 00:21:31,애플워치 케이스
2023-07-19 00:21:34,카카오프렌즈 보조배터리
2023-07-19 00:21:34,콜드컵
2023-07-19 00:21:34,베러데이
2023-07-19 00:21:34,닌텐도 스위치
2023-07-19 00:21:34,레이스테이블보
2023-07-19 00:21:35,축하
2023-07-19 00:21:37,스티커
2023-07-19 00:21:38,클립보드
2023-07-19 00:21:40,닌텐도 스위치
2023-07-19 00:21:40,모니터선반
2023-07-19 00:21:40,양념스푼
2023-07-19 00:21:42,양념스푼
2023-07-19 00:21:43,정글짐
2023-07-19 00:21:44,인형키링
2023-07-19 00:21:46,닌텐도 스위치
2023-07-19 00:21:49,카드수납케이스
2023-07-19 00:21:51,티비다이
2023-07-19 00:21:51,pvc
2023-07-19 00:21:51,티비다이
2023-07-19 00:21:52,스테들러
2023-07-19 00:21:52,닌텐도 스위치
2023-07-19 00:21:52,키링
2023-07-19 00:21:54,출석
2023-07-19 00:21:55,pvc 파우치
2023-07-19 00:21:56,매장스티커
2023-07-19 00:21:56,선반
2023-07-19 00:21:57,페브릭
2023-07-19 00:21:57,마우스패드
2023-07-19 00:21:58,닌텐도 스위치
2023-07-19 00:21:58,디즈니
2023-07-19 00:21:59,출석체크
2023-07-19 00:22:02,아이폰케이스
2023-07-19 00:22:05,닌텐도 스위치
2023-07-19 00:22:06,원목
2023-07-19 00:22:06,축하
2023-07-19 00:22:08,원목
2023-07-19 00:22:09,와인잔
2023-07-19 00:22:09,와인잔
2023-07-19 00:22:11,투슬리스
2023-07-19 00:22:11,닌텐도 스위치
2023-07-19 00:22:11,파우치
2023-07-19 00:22:12,컵
2023-07-19 00:22:12,파우치
2023-07-19 00:22:15,디즈니
2023-07-19 00:22:16,닌텐도 스위치
2023-07-19 00:22:16,파우치
2023-07-19 00:22:17,[미스터앤미세스]미스도어 다용도방향제_아이리스피오렌티노
2023-07-19 00:22:18,짱구
2023-07-19 00:22:19,반찬통
2023-07-19 00:22:19,갤럭시 23 케이스
2023-07-19 00:22:20,배게
2023-07-19 00:22:20,스누피
2023-07-19 00:22:22,지퍼백
2023-07-19 00:22:23,파자마
2023-07-19 00:22:23,닌텐도 스위치
2023-07-19 00:22:24,인형키링
2023-07-19 00:22:25,서랍장 매트
2023-07-19 00:22:25,서랍장 매트
2023-07-19 00:22:25,책상 청소기
2023-07-19 00:22:25,파자마
2023-07-19 00:22:26,파자마
2023-07-19 00:22:26,디즈니
2023-07-19 00:22:27,먼작귀
2023-07-19 00:22:27,바세린
2023-07-19 00:22:27,먼작귀
2023-07-19 00:22:28,바세린
2023-07-19 00:22:29,닌텐도 스위치
2023-07-19 00:22:30,초등장우산
2023-07-19 00:22:30,아이패드 케이스
2023-07-19 00:22:30,초등장우산
2023-07-19 00:22:31,여성샌들
2023-07-19 00:22:31,여성샌들
2023-07-19 00:22:32,방향제
2023-07-19 00:22:33,매장스티커
2023-07-19 00:22:33,산리오
2023-07-19 00:22:35,닌텐도 스위치
2023-07-19 00:22:36,스마트톡
2023-07-19 00:22:40,트롤리 책장
2023-07-19 00:22:41,닌텐도 스위치
2023-07-19 00:22:43,케이스
2023-07-19 00:22:44,디즈니
2023-07-19 00:22:46,축하
2023-07-19 00:22:47,배게
2023-07-19 00:22:47,닌텐도 스위치
2023-07-19 00:22:49,마우스패드
2023-07-19 00:22:53,닌텐도 스위치
2023-07-19 00:22:55,디즈니
2023-07-19 00:22:56,손목마우스패드
2023-07-19 00:22:59,간식포장봉투
2023-07-19 00:22:59,닌텐도 스위치
2023-07-19 00:23:00,5011841
2023-07-19 00:23:05,에드학
2023-07-19 00:23:05,배게
2023-07-19 00:23:05,에드학
2023-07-19 00:23:06,닌텐도 스위치
2023-07-19 00:23:07,카스 저울
2023-07-19 00:23:08,갤럭시 23 케이스
2023-07-19 00:23:08,텐바이텐배송
2023-07-19 00:23:08,스터디플래노ㅓ
2023-07-19 00:23:09,디즈니
2023-07-19 00:23:09,케이스
2023-07-19 00:23:09,스터디플래노ㅓ
2023-07-19 00:23:11,아이폰11
2023-07-19 00:23:11,닌텐도 스위치
2023-07-19 00:23:13,일본그릇
2023-07-19 00:23:14,마우스패드
2023-07-19 00:23:14,스터디플래너
2023-07-19 00:23:15,커블체어
2023-07-19 00:23:15,커블체어
2023-07-19 00:23:15,굿슈머 바인더
2023-07-19 00:23:15,굿슈머 바인더
2023-07-19 00:23:16,한국 뱃지
2023-07-19 00:23:16,한국 뱃지
2023-07-19 00:23:18,닌텐도 스위치
2023-07-19 00:23:20,축하
2023-07-19 00:23:23,북파우치
2023-07-19 00:23:24,손목마우스패드
2023-07-19 00:23:27,텐바이텐배송
2023-07-19 00:23:27,산리오
2023-07-19 00:23:29,제빵모자
2023-07-19 00:23:29,제빵모자
2023-07-19 00:23:29,캐리어
2023-07-19 00:23:30,캐리어
2023-07-19 00:23:30,산리오
2023-07-19 00:23:32,코팅 장패드
2023-07-19 00:23:32,Brita Jug
2023-07-19 00:23:32,카드수납케이스
2023-07-19 00:23:34,벨렉 디자인
2023-07-19 00:23:34,손목마우스패드
2023-07-19 00:23:37,멀티+펜
2023-07-19 00:23:37,스티커
2023-07-19 00:23:38,닌텐도 스위치
2023-07-19 00:23:38,텐바이텐배송
2023-07-19 00:23:38,디즈니
2023-07-19 00:23:39,손목마우스패드
2023-07-19 00:23:40,트레이
2023-07-19 00:23:41,데님바인더
2023-07-19 00:23:41,데님바인더
2023-07-19 00:23:41,돗자리
2023-07-19 00:23:45,스티커
2023-07-19 00:23:46,닌텐도 스위치
2023-07-19 00:23:48,구글애드워즈주소blackmonad.xyz카톡blackmonad출장안마구글애드워즈소액결제홍보카지노사이트홍보구글홍보대행crop
2023-07-19 00:23:50,산리오
2023-07-19 00:23:52,키링
2023-07-19 00:23:52,스템프
2023-07-19 00:23:53,닌텐도 스위치
2023-07-19 00:23:55,에폭시 스티커
2023-07-19 00:23:56,인형키링
2023-07-19 00:23:59,리락쿠마
2023-07-19 00:23:59,돗자리
2023-07-19 00:23:59,손목마우스패드
2023-07-19 00:24:00,스티커팩
2023-07-19 00:24:00,닌텐도 스위치
2023-07-19 00:24:01,식권도장
2023-07-19 00:24:02,출석
2023-07-19 00:24:02,키링
2023-07-19 00:24:02,트레이
2023-07-19 00:24:04,스템프
2023-07-19 00:24:05,손목마우스패드
2023-07-19 00:24:05,마우스패드
2023-07-19 00:24:08,출석체크
2023-07-19 00:24:08,닌텐도 스위치
2023-07-19 00:24:09,행거
2023-07-19 00:24:09,행거
2023-07-19 00:24:09,손목마우스패드쿠션
2023-07-19 00:24:10,드로잉키트
2023-07-19 00:24:10,쿨매트
2023-07-19 00:24:10,쿨매트
2023-07-19 00:24:10,드로잉키트
2023-07-19 00:24:11,접이식 펀칭
2023-07-19 00:24:11,스툴
2023-07-19 00:24:13,푸
2023-07-19 00:24:14,닌텐도 스위치
2023-07-19 00:24:14,파우치
2023-07-19 00:24:15,에드학
2023-07-19 00:24:15,스티커팩
2023-07-19 00:24:15,에드학
2023-07-19 00:24:18,카드수납케이스
2023-07-19 00:24:18,펀치
2023-07-19 00:24:18,머리띠주황색
2023-07-19 00:24:19,머리띠주황색
2023-07-19 00:24:19,이불수납
2023-07-19 00:24:19,스티커
2023-07-19 00:24:21,선반 매트
2023-07-19 00:24:21,닌텐도 스위치
2023-07-19 00:24:21,그립톡
2023-07-19 00:24:23,마우스패드
2023-07-19 00:24:26,닌텐도 스위치
2023-07-19 00:24:27,산리오
2023-07-19 00:24:27,짱구
2023-07-19 00:24:30,6공 다이어리 속지
2023-07-19 00:24:31,스탠리
2023-07-19 00:24:32,닌텐도 스위치
2023-07-19 00:24:33,마우스패드
2023-07-19 00:24:33,짱구
2023-07-19 00:24:36,돗자리
2023-07-19 00:24:37,텐바이텐배송
2023-07-19 00:24:37,그립톡
2023-07-19 00:24:38,출석
2023-07-19 00:24:39,닌텐도 스위치
2023-07-19 00:24:40,5600194
2023-07-19 00:24:40,쿠로미
2023-07-19 00:24:41,구디푸디
2023-07-19 00:24:42,스누피
2023-07-19 00:24:44,닌텐도 스위치
2023-07-19 00:24:48,인형필통
2023-07-19 00:24:50,닌텐도 스위치
2023-07-19 00:24:50,키링
2023-07-19 00:24:51,아이패드 케이스
2023-07-19 00:24:51,케이스
2023-07-19 00:24:52,스티커
2023-07-19 00:24:54,캐노피
2023-07-19 00:24:56,스툴
2023-07-19 00:24:57,닌텐도 스위치
2023-07-19 00:24:59,캔버튼
2023-07-19 00:25:00,키링
2023-07-19 00:25:00,산리오
2023-07-19 00:25:01,산리오
2023-07-19 00:25:03,닌텐도 스위치
2023-07-19 00:25:04,Victorinox knife
2023-07-19 00:25:05,텐바이텐배송
2023-07-19 00:25:07,모눈메모지
2023-07-19 00:25:07,모눈메모지
2023-07-19 00:25:08,닌텐도 스위치
2023-07-19 00:25:10,포토카드 바인더 점보
2023-07-19 00:25:10,축하
2023-07-19 00:25:10,포토카드 바인더 점보
2023-07-19 00:25:11,출석
2023-07-19 00:25:11,텐바이텐배송
2023-07-19 00:25:13,파우치
2023-07-19 00:25:13,출석체크
2023-07-19 00:25:15,닌텐도 스위치
2023-07-19 00:25:16,스티커
2023-07-19 00:25:18,스티커
2023-07-19 00:25:18,티셔츠
2023-07-19 00:25:19,키네틱 샌드
2023-07-19 00:25:19,노트북 스티커
2023-07-19 00:25:21,후카후카스튜디오
2023-07-19 00:25:21,닌텐도 스위치
2023-07-19 00:25:22,카드수납케이스
2023-07-19 00:25:24,버즈 케이스
2023-07-19 00:25:24,이불수납
2023-07-19 00:25:26,사다리선반
2023-07-19 00:25:26,키링
2023-07-19 00:25:28,축하
2023-07-19 00:25:28,닌텐도 스위치
2023-07-19 00:25:29,스테이크접시
2023-07-19 00:25:30,단추 티셔츠
2023-07-19 00:25:31,키링
2023-07-19 00:25:33,닌텐도 스위치
2023-07-19 00:25:34,출석체크
2023-07-19 00:25:34,이불수납
2023-07-19 00:25:35,케이스
2023-07-19 00:25:37,메모리폼 방석
2023-07-19 00:25:37,메모리폼 방석
2023-07-19 00:25:37,와펜
2023-07-19 00:25:39,닌텐도 스위치
2023-07-19 00:25:40,출석
2023-07-19 00:25:41,유리 협탁
2023-07-19 00:25:41,[미스터앤미세스]런드리 섬유퍼퓸(15ml)_화이트릴리
2023-07-19 00:25:41,파우치
2023-07-19 00:25:41,유리 협탁
2023-07-19 00:25:42,카드수납케이스
2023-07-19 00:25:44,이불수납
2023-07-19 00:25:44,출석
2023-07-19 00:25:44,쿠로미
2023-07-19 00:25:45,닌텐도 스위치
2023-07-19 00:25:50,식탁정리함
2023-07-19 00:25:50,식탁정리함
2023-07-19 00:25:51,파우치
2023-07-19 00:25:51,닌텐도 스위치
2023-07-19 00:25:54,마우스패드
2023-07-19 00:25:55,담요
2023-07-19 00:25:56,출석체크
2023-07-19 00:25:57,닌텐도 스위치
2023-07-19 00:25:58,출석체크
2023-07-19 00:25:58,양산
2023-07-19 00:26:01,화장실 가림막
2023-07-19 00:26:01,파우치
2023-07-19 00:26:01,짱구
2023-07-19 00:26:02,버즈2 케이스
2023-07-19 00:26:02,닌텐도 스위치
2023-07-19 00:26:05,공주 세트
2023-07-19 00:26:06,폼폼푸린
2023-07-19 00:26:06,짱구
2023-07-19 00:26:06,축하
2023-07-19 00:26:07,케이스
2023-07-19 00:26:07,티아라
2023-07-19 00:26:08,단추 티셔츠
2023-07-19 00:26:08,아미보
2023-07-19 00:26:09,닌텐도 스위치
2023-07-19 00:26:11,파우치
2023-07-19 00:26:13,이불수납
2023-07-19 00:26:14,닌텐도 스위치
2023-07-19 00:26:15,스누피
2023-07-19 00:26:17,짱구
2023-07-19 00:26:17,4단 점착 메모지
2023-07-19 00:26:18,접이식 책상
2023-07-19 00:26:20,그립톡
2023-07-19 00:26:21,웨이투페치
2023-07-19 00:26:21,닌텐도 스위치
2023-07-19 00:26:21,웨이투페치
2023-07-19 00:26:22,짱구
2023-07-19 00:26:22,버즈2 케이스
2023-07-19 00:26:23,캐노피
2023-07-19 00:26:26,아이패드 케이스
2023-07-19 00:26:27,닌텐도 스위치
2023-07-19 00:26:27,스누피
2023-07-19 00:26:28,브리타
2023-07-19 00:26:29,버즈2 케이스
2023-07-19 00:26:33,닌텐도 스위치
2023-07-19 00:26:34,미도리 테이프 커터
2023-07-19 00:26:34,아이패드 케이스
2023-07-19 00:26:36,스누피
2023-07-19 00:26:37,대형패브릭포스터
2023-07-19 00:26:39,대형패브릭포스터
2023-07-19 00:26:41,닌텐도 스위치
2023-07-19 00:26:42,비스포크 수납장 600
2023-07-19 00:26:42,발판
2023-07-19 00:26:42,망붕이
2023-07-19 00:26:42,비스포크 수납장 600
2023-07-19 00:26:42,가죽 필통
2023-07-19 00:26:42,아이패드 케이스
2023-07-19 00:26:44,시리얼컵
2023-07-19 00:26:45,아이패드 케이스
2023-07-19 00:26:45,서류 수납 서랍장 1단
2023-07-19 00:26:45,축하
2023-07-19 00:26:46,단추 티셔츠
2023-07-19 00:26:47,닌텐도 스위치
2023-07-19 00:26:50,굿노트스터디플래너
2023-07-19 00:26:50,굿노트스터디플래너
2023-07-19 00:26:51,키보드
2023-07-19 00:26:52,명화벽시계
2023-07-19 00:26:52,굿노트스터디플래너
2023-07-19 00:26:52,샤워가운
2023-07-19 00:26:53,디제이 춘식이 방향제
2023-07-19 00:26:53,스툴
2023-07-19 00:26:54,닌텐도 스위치
2023-07-19 00:26:55,해바라기액자
2023-07-19 00:26:55,버즈2 케이스
2023-07-19 00:26:55,책갈피
2023-07-19 00:26:55,데스크매트
2023-07-19 00:26:58,샤워가운
2023-07-19 00:27:00,크록스
2023-07-19 00:27:00,크록스
2023-07-19 00:27:00,닌텐도 스위치
2023-07-19 00:27:02,스툴
2023-07-19 00:27:03,산리오
2023-07-19 00:27:03,산리오
2023-07-19 00:27:04,오선지
2023-07-19 00:27:04,오선지
2023-07-19 00:27:04,가랜더
2023-07-19 00:27:06,마우스패드
2023-07-19 00:27:07,폼폼푸린
2023-07-19 00:27:07,1인용소파
2023-07-19 00:27:07,닌텐도 스위치
2023-07-19 00:27:09,2인소파
2023-07-19 00:27:09,THENCE
2023-07-19 00:27:09,갤럭시 23 케이스
2023-07-19 00:27:09,여름 가랜더
2023-07-19 00:27:09,초경량 우양산
2023-07-19 00:27:10,초경량 우양산
2023-07-19 00:27:10,뽀모도로
2023-07-19 00:27:13,도어스토퍼
2023-07-19 00:27:13,닌텐도 스위치
2023-07-19 00:27:13,도어스토퍼
2023-07-19 00:27:15,캔뱃지
2023-07-19 00:27:15,단추 티셔츠
2023-07-19 00:27:15,만들기 키트
2023-07-19 00:27:15,가랜드
2023-07-19 00:27:16,반구톡
2023-07-19 00:27:17,디ㅠㅜ저
2023-07-19 00:27:19,커플앞치마
2023-07-19 00:27:19,커플앞치마
2023-07-19 00:27:20,디ㅠㅜ저
2023-07-19 00:27:21,핸드폰 그립톡
2023-07-19 00:27:21,식탁의자
2023-07-19 00:27:21,핸드폰 그립톡
2023-07-19 00:27:22,식탁의자
2023-07-19 00:27:23,닌텐도 스위치
2023-07-19 00:27:26,버즈2 케이스
2023-07-19 00:27:26,텐바이텐배송
2023-07-19 00:27:26,나이프
2023-07-19 00:27:27,디퓨저
2023-07-19 00:27:27,양선
2023-07-19 00:27:29,산리오
2023-07-19 00:27:29,가랜드
2023-07-19 00:27:30,해바라기 액자
2023-07-19 00:27:30,스트랩
2023-07-19 00:27:30,접이식책상
2023-07-19 00:27:30,축하
2023-07-19 00:27:31,닌텐도 스위치
2023-07-19 00:27:31,양산
2023-07-19 00:27:34,11인치 파우치
2023-07-19 00:27:35,텐바이텐배송
2023-07-19 00:27:36,가랜드
2023-07-19 00:27:40,스티커
2023-07-19 00:27:40,갤럭시 23 케이스
2023-07-19 00:27:40,닌텐도 스위치
2023-07-19 00:27:41,스트랩
2023-07-19 00:27:41,텐큐베리감사
2023-07-19 00:27:43,키링
2023-07-19 00:27:44,가랜드
2023-07-19 00:27:44,폼폼푸린
2023-07-19 00:27:45,단추 티셔츠
2023-07-19 00:27:46,닌텐도 스위치
2023-07-19 00:27:48,쿵야
2023-07-19 00:27:48,스프레드
2023-07-19 00:27:49,키보드
2023-07-19 00:27:49,가랜더
2023-07-19 00:27:53,여권파우치
2023-07-19 00:27:53,여권파우치
2023-07-19 00:27:53,출석
2023-07-19 00:27:53,닌텐도 스위치
2023-07-19 00:27:53,버즈2 케이스
2023-07-19 00:27:54,갤럭시 23 케이스
2023-07-19 00:27:55,스티커
2023-07-19 00:27:55,이부
2023-07-19 00:27:56,텐미닛
2023-07-19 00:27:56,마스킹테이프
2023-07-19 00:27:57,달달한 삐숑이 약과
2023-07-19 00:27:58,키링
2023-07-19 00:27:58,산리오
2023-07-19 00:28:00,닌텐도 스위치
2023-07-19 00:28:01,텐바이텐배송
2023-07-19 00:28:02,리유저블백
2023-07-19 00:28:03,여름 가랜더
2023-07-19 00:28:03,키링
2023-07-19 00:28:04,릴홀더
2023-07-19 00:28:04,폼폼푸린
2023-07-19 00:28:04,릴홀더
2023-07-19 00:28:04,스티커
2023-07-19 00:28:05,키링
2023-07-19 00:28:06,닌텐도 스위치
2023-07-19 00:28:07,축하
2023-07-19 00:28:09,도자기
2023-07-19 00:28:09,도자기
2023-07-19 00:28:09,필통
2023-07-19 00:28:11,\xEC
2023-07-19 00:28:11,키링
2023-07-19 00:28:11,하리보
2023-07-19 00:28:11,\xEC
2023-07-19 00:28:13,닌텐도 스위치
2023-07-19 00:28:13,마스킹테이프
2023-07-19 00:28:17,출석
2023-07-19 00:28:17,출석체크
2023-07-19 00:28:19,가랜드
2023-07-19 00:28:19,닌텐도 스위치
2023-07-19 00:28:20,단추 티셔츠
2023-07-19 00:28:23,출석체크
2023-07-19 00:28:26,c1ac02
2023-07-19 00:28:27,여름 가랜드
2023-07-19 00:28:27,닌텐도 스위치
2023-07-19 00:28:27,출석
2023-07-19 00:28:28,여행용 트레이
2023-07-19 00:28:30,갤럭시 23 케이스
2023-07-19 00:28:30,파우치
2023-07-19 00:28:31,파우치
2023-07-19 00:28:31,c1ac02
2023-07-19 00:28:32,출석체크
2023-07-19 00:28:33,굿노트스터디플래너
2023-07-19 00:28:33,Brita Jug
2023-07-19 00:28:34,만들기 키트
2023-07-19 00:28:34,닌텐도 스위치
2023-07-19 00:28:35,케이스
2023-07-19 00:28:37,파우치
2023-07-19 00:28:39,짱구
2023-07-19 00:28:41,짱구
2023-07-19 00:28:41,필통
2023-07-19 00:28:41,축하
2023-07-19 00:28:41,닌텐도 스위치
2023-07-19 00:28:42,짱구
2023-07-19 00:28:43,수모
2023-07-19 00:28:46,버즈2 케이스
2023-07-19 00:28:46,BT21 쿠키
2023-07-19 00:28:47,\xEC
2023-07-19 00:28:47,닌텐도 스위치
2023-07-19 00:28:48,여름 가랜드
2023-07-19 00:28:50,BT21 쿠키
2023-07-19 00:28:51,스누피
2023-07-19 00:28:51,스누피
2023-07-19 00:28:54,닌텐도 스위치
2023-07-19 00:28:55,키보드
2023-07-19 00:28:55,갤럭시 23 케이스
2023-07-19 00:28:56,케이스
2023-07-19 00:28:57,아이패드 케이스
2023-07-19 00:28:59,아레나 수모
2023-07-19 00:29:00,피크닉매트
2023-07-19 00:29:01,스누피
2023-07-19 00:29:01,닌텐도 스위치
2023-07-19 00:29:02,모빌
2023-07-19 00:29:07,일본도시락통
2023-07-19 00:29:07,일본도시락통
2023-07-19 00:29:08,닌텐도 스위치
2023-07-19 00:29:11,장우산
2023-07-19 00:29:11,아이패드 케이스
2023-07-19 00:29:13,아이패드 케이스
2023-07-19 00:29:15,닌텐도 스위치
2023-07-19 00:29:17,라디오시계
2023-07-19 00:29:18,슈에뜨룸 오마이덕
2023-07-19 00:29:18,케이스
2023-07-19 00:29:19,송월 비치타올
2023-07-19 00:29:21,필통
2023-07-19 00:29:22,도자기
2023-07-19 00:29:22,커팅기
2023-07-19 00:29:22,액션펜
2023-07-19 00:29:22,닌텐도 스위치
2023-07-19 00:29:23,캐리어네임택
2023-07-19 00:29:23,I SEE YOU 가랜드
2023-07-19 00:29:23,캐리어네임택
2023-07-19 00:29:24,액션펜
2023-07-19 00:29:24,fx4000
2023-07-19 00:29:25,버즈2 케이스
2023-07-19 00:29:26,책꽂이
2023-07-19 00:29:26,fx4000
2023-07-19 00:29:26,책꽂이
2023-07-19 00:29:28,fx 4000
2023-07-19 00:29:29,fx 4000
2023-07-19 00:29:29,닌텐도 스위치
2023-07-19 00:29:36,키보드
2023-07-19 00:29:37,핀버튼
2023-07-19 00:29:38,닌텐도 스위치
2023-07-19 00:29:39,모빌
2023-07-19 00:29:40,디즈니
2023-07-19 00:29:40,홀더화일
2023-07-19 00:29:43,닌텐도 스위치
2023-07-19 00:29:43,손수건
2023-07-19 00:29:45,아이스베어
2023-07-19 00:29:45,축하
2023-07-19 00:29:45,아이스베어
2023-07-19 00:29:47,톰과제리
2023-07-19 00:29:48,쿼카 머그
2023-07-19 00:29:48,tygroup87
2023-07-19 00:29:49,닌텐도 스위치
2023-07-19 00:29:50,tygroup87
2023-07-19 00:29:51,키링
2023-07-19 00:29:52,약국 모형
2023-07-19 00:29:53,400x300mm 액자
2023-07-19 00:29:53,버즈2 케이스
2023-07-19 00:29:53,400x300mm 액자
2023-07-19 00:29:54,케이스
2023-07-19 00:29:55,젤리베어
2023-07-19 00:29:55,젤리베어
2023-07-19 00:29:57,도자기
2023-07-19 00:29:57,닌텐도 스위치
2023-07-19 00:30:00,원숭이
2023-07-19 00:30:01,필통
2023-07-19 00:30:02,I SEE YOU 가랜드
2023-07-19 00:30:04,닌텐도 스위치
2023-07-19 00:30:04,캐릭터 가방
2023-07-19 00:30:04,Victorinox knife
2023-07-19 00:30:06,키보드
2023-07-19 00:30:09,파우치
2023-07-19 00:30:10,파우치
2023-07-19 00:30:12,여성샌들
2023-07-19 00:30:12,여성샌들
2023-07-19 00:30:14,닌텐도 스위치
2023-07-19 00:30:14,카드지갑
2023-07-19 00:30:16,레이스 테이블보
2023-07-19 00:30:18,에어팟프로 케이스
2023-07-19 00:30:23,닌텐도 스위치
2023-07-19 00:30:25,핸드폰 그립톡
2023-07-19 00:30:27,로얄캣
2023-07-19 00:30:28,워너디스
2023-07-19 00:30:29,버즈2 케이스
2023-07-19 00:30:29,닌텐도 스위치
2023-07-19 00:30:31,자석메모판
2023-07-19 00:30:31,문손잡이
2023-07-19 00:30:32,캐릭터 가방
2023-07-19 00:30:34,에어팟프로 케이스
2023-07-19 00:30:35,원숭이
2023-07-19 00:30:36,아르누보
2023-07-19 00:30:36,닌텐도 스위치
2023-07-19 00:30:39,전자렌지 선반
2023-07-19 00:30:39,마스킹테이프
2023-07-19 00:30:40,장우산
2023-07-19 00:30:42,체크보드
2023-07-19 00:30:42,전자렌지 선반
2023-07-19 00:30:42,전자렌지 선반
2023-07-19 00:30:42,에어팟프로 케이스
2023-07-19 00:30:43,닌텐도 스위치
2023-07-19 00:30:44,아르누보
2023-07-19 00:30:44,버즈2 케이스
2023-07-19 00:30:48,에어팟프로 케이스
2023-07-19 00:30:50,닌텐도 스위치
2023-07-19 00:30:53,가죽 필통
2023-07-19 00:30:53,에어팟프로 케이스
2023-07-19 00:30:54,체크 리스트
2023-07-19 00:30:55,캐릭터 가방
2023-07-19 00:30:56,치이카와
2023-07-19 00:30:56,치이카와
2023-07-19 00:30:56,닌텐도 스위치
2023-07-19 00:30:58,필통
2023-07-19 00:31:00,도자기
2023-07-19 00:31:03,닌텐도 스위치
2023-07-19 00:31:06,견과류
2023-07-19 00:31:07,캠핑의자
2023-07-19 00:31:07,몰스킨
2023-07-19 00:31:09,아이스브레이킹
2023-07-19 00:31:10,닌텐도 스위치
2023-07-19 00:31:11,필통
2023-07-19 00:31:11,food trip
2023-07-19 00:31:12,도자기
2023-07-19 00:31:13,캠핑의자
2023-07-19 00:31:15,아이폰12미니 케이스
2023-07-19 00:31:15,아이폰12미니 케이스
2023-07-19 00:31:16,축하
2023-07-19 00:31:16,장우산
2023-07-19 00:31:17,카페 천막
2023-07-19 00:31:17,카페 천막
2023-07-19 00:31:17,열쇠고리
2023-07-19 00:31:17,닌텐도 스위치
2023-07-19 00:31:21,커블체어
2023-07-19 00:31:21,도자기
2023-07-19 00:31:22,캐릭터 가방
2023-07-19 00:31:23,여름 가랜드
2023-07-19 00:31:23,닌텐도 스위치
2023-07-19 00:31:24,오슬로
2023-07-19 00:31:29,화장품 서랍장
2023-07-19 00:31:29,케이스
2023-07-19 00:31:30,전자렌지 선반
2023-07-19 00:31:30,도자기
2023-07-19 00:31:30,닌텐도 스위치
2023-07-19 00:31:32,맥세이프 그립톡
2023-07-19 00:31:32,맥세이프 그립톡
2023-07-19 00:31:33,마스킹테이프
2023-07-19 00:31:33,2446886
2023-07-19 00:31:34,빈티지조명
2023-07-19 00:31:34,2446886
2023-07-19 00:31:36,여름 가랜드
2023-07-19 00:31:37,닌텐도 스위치
2023-07-19 00:31:39,훈찌
2023-07-19 00:31:42,지퍼백
2023-07-19 00:31:43,출석체크
2023-07-19 00:31:44,닌텐도 스위치
2023-07-19 00:31:45,이자카야 인테리어 소품
2023-07-19 00:31:45,돈봉투
2023-07-19 00:31:48,하이드레인저블루
2023-07-19 00:31:50,버즈2 케이스
2023-07-19 00:31:52,닌텐도 스위치
2023-07-19 00:31:53,전자렌지 선반
2023-07-19 00:31:56,캐릭터 가방
2023-07-19 00:31:58,닌텐도 스위치
2023-07-19 00:32:01,바다 가랜드
2023-07-19 00:32:03,비닐봉투 디스펜서
2023-07-19 00:32:08,닌텐도 스위치
2023-07-19 00:32:13,와펜
2023-07-19 00:32:14,닌텐도 스위치
2023-07-19 00:32:18,핸드폰 스트랩
2023-07-19 00:32:19,캐릭터 가방
2023-07-19 00:32:19,버즈2 케이스
2023-07-19 00:32:20,ogon
2023-07-19 00:32:20,ogon
2023-07-19 00:32:20,ogon
2023-07-19 00:32:20,ogon
2023-07-19 00:32:21,닌텐도 스위치
2023-07-19 00:32:23,짱구
2023-07-19 00:32:23,마스킹테이프
2023-07-19 00:32:27,닌텐도 스위치
2023-07-19 00:32:28,케이스
2023-07-19 00:32:28,포장봉투
2023-07-19 00:32:29,오슬로 120
2023-07-19 00:32:30,쿠로미 케이스
2023-07-19 00:32:32,지브리 트럼프
2023-07-19 00:32:32,아망뜨 전신거울
2023-07-19 00:32:32,4개월 플래너
2023-07-19 00:32:33,지브리 트럼프
2023-07-19 00:32:33,캐릭터 가방
2023-07-19 00:32:33,닌텐도 스위치
2023-07-19 00:32:39,돈봉투
2023-07-19 00:32:39,닌텐도 스위치
2023-07-19 00:32:39,버즈2 케이스
2023-07-19 00:32:40,스터디플래너
2023-07-19 00:32:43,마스킹테이프
2023-07-19 00:32:47,닌텐도 스위치
2023-07-19 00:32:48,스마트폰 방수팩
2023-07-19 00:32:48,캐릭터 가방
2023-07-19 00:32:49,조개 가랜드
2023-07-19 00:32:50,키티 유리컵
2023-07-19 00:32:54,닌텐도 스위치
2023-07-19 00:32:57,자동차융품
2023-07-19 00:32:58,자동차융품
2023-07-19 00:33:00,닌텐도 스위치
2023-07-19 00:33:01,원피스
2023-07-19 00:33:03,휴대용 장바구니
2023-07-19 00:33:03,업소용 우산꽂이
2023-07-19 00:33:07,닌텐도 스위치
2023-07-19 00:33:08,앞치마
2023-07-19 00:33:08,앞치마
2023-07-19 00:33:09,와펜
2023-07-19 00:33:10,짱구
2023-07-19 00:33:13,닌텐도 스위치
2023-07-19 00:33:15,자동차용품
2023-07-19 00:33:15,스템프
2023-07-19 00:33:17,산리오
2023-07-19 00:33:19,손선풍기
2023-07-19 00:33:21,쿠로미 케이스
2023-07-19 00:33:22,학교
2023-07-19 00:33:22,아트나이프
2023-07-19 00:33:23,돈봉투
2023-07-19 00:33:24,닌텐도 스위치
2023-07-19 00:33:28,욕실타일스티커
2023-07-19 00:33:28,욕실타일스티커
2023-07-19 00:33:29,사이드 테이블
2023-07-19 00:33:31,닌텐도 스위치
2023-07-19 00:33:32,캐릭터 가방
2023-07-19 00:33:33,Brita jpg
2023-07-19 00:33:34,키올리
2023-07-19 00:33:34,파티션
2023-07-19 00:33:35,힙웅
2023-07-19 00:33:36,엽서 세트
2023-07-19 00:33:36,텐바이텐배송
2023-07-19 00:33:39,닌텐도 스위치
2023-07-19 00:33:39,와펜
2023-07-19 00:33:41,쿠로미 케이스
2023-07-19 00:33:43,캐릭터 가방
2023-07-19 00:33:44,스터디플래너 100일
2023-07-19 00:33:45,에드학
2023-07-19 00:33:45,에드학
2023-07-19 00:33:45,닌텐도 스위치
2023-07-19 00:33:46,스티커
2023-07-19 00:33:52,닌텐도 스위치
2023-07-19 00:33:52,엽서 세트
2023-07-19 00:33:56,키링
2023-07-19 00:33:57,닌텐도 스위치
2023-07-19 00:33:59,장우산
2023-07-19 00:34:01,캐릭터 가방
2023-07-19 00:34:01,케이스
2023-07-19 00:34:02,마시멜로우
2023-07-19 00:34:02,원목
2023-07-19 00:34:02,원목
2023-07-19 00:34:02,원목
2023-07-19 00:34:02,원목
2023-07-19 00:34:03,원목
2023-07-19 00:34:03,원목
2023-07-19 00:34:03,닌텐도 스위치
2023-07-19 00:34:04,원목
2023-07-19 00:34:04,원목
2023-07-19 00:34:05,휴대용 장바구니
2023-07-19 00:34:06,마우스패드
2023-07-19 00:34:06,자동차용품
2023-07-19 00:34:06,힙웅
2023-07-19 00:34:08,엽서 세트
2023-07-19 00:34:08,마스킹테이프
2023-07-19 00:34:08,키링
2023-07-19 00:34:09,루피
2023-07-19 00:34:09,원피스
2023-07-19 00:34:10,돈봉투
2023-07-19 00:34:10,닌텐도 스위치
2023-07-19 00:34:11,무선 마우스
2023-07-19 00:34:12,생일축하가랜드
2023-07-19 00:34:13,아크릴 이름표
2023-07-19 00:34:13,아크릴 이름표
2023-07-19 00:34:14,스템프
2023-07-19 00:34:14,손선풍기
2023-07-19 00:34:15,출석
2023-07-19 00:34:16,태닝키티
2023-07-19 00:34:16,태닝키티
2023-07-19 00:34:17,닌텐도 스위치
2023-07-19 00:34:18,엽서 세트
2023-07-19 00:34:20,지브리
2023-07-19 00:34:20,캐릭터 가방
2023-07-19 00:34:20,지브리
2023-07-19 00:34:21,무선 마우스
2023-07-19 00:34:23,닌텐도 스위치
2023-07-19 00:34:24,케이스
2023-07-19 00:34:24,출석체크
2023-07-19 00:34:24,휴대용 장바구니
2023-07-19 00:34:26,엽서 세트
2023-07-19 00:34:33,3단 자동 우산
2023-07-19 00:34:33,3단 자동 우산
2023-07-19 00:34:34,캐릭터 가방
2023-07-19 00:34:34,닌텐도 스위치
2023-07-19 00:34:35,파우치
2023-07-19 00:34:36,숏머플러
2023-07-19 00:34:36,숏머플러
2023-07-19 00:34:36,엽서 세트
2023-07-19 00:34:37,짱구
2023-07-19 00:34:38,마우스패드
2023-07-19 00:34:38,원숭이
2023-07-19 00:34:39,데스크 플래너
2023-07-19 00:34:39,데스크 플래너
2023-07-19 00:34:41,닌텐도 스위치
2023-07-19 00:34:41,헬로키티
2023-07-19 00:34:41,스누피
2023-07-19 00:34:42,케이스
2023-07-19 00:34:42,돈봉투
2023-07-19 00:34:44,생일모자
2023-07-19 00:34:44,휴대용 장바구니
2023-07-19 00:34:46,자동차용품
2023-07-19 00:34:47,캐릭터 가방
2023-07-19 00:34:47,닌텐도 스위치
2023-07-19 00:34:50,아이패드 케이스
2023-07-19 00:34:53,스마일메이커스
2023-07-19 00:34:54,닌텐도 스위치
2023-07-19 00:34:56,모모케이스
2023-07-19 00:34:56,에크멀
2023-07-19 00:34:56,모모케이스
2023-07-19 00:35:02,닌텐도 스위치
2023-07-19 00:35:03,키티 유리컵
2023-07-19 00:35:03,diy만들기
2023-07-19 00:35:03,보자기 용돈봉투
2023-07-19 00:35:04,Victorinox knife
2023-07-19 00:35:08,닌텐도 스위치
2023-07-19 00:35:08,케이스
2023-07-19 00:35:17,닌텐도 스위치
2023-07-19 00:35:19,양초만들기
2023-07-19 00:35:22,케이스
2023-07-19 00:35:24,영어
2023-07-19 00:35:24,닌텐도 스위치
2023-07-19 00:35:24,듀라렉스
2023-07-19 00:35:24,반창고
2023-07-19 00:35:25,데코펜
2023-07-19 00:35:25,반창고
2023-07-19 00:35:26,pure love
2023-07-19 00:35:27,무선 마우스
2023-07-19 00:35:28,이벤트
2023-07-19 00:35:29,닌텐도 스위치
2023-07-19 00:35:30,스터디플래너
2023-07-19 00:35:30,텐바이텐배송
2023-07-19 00:35:33,케이스
2023-07-19 00:35:35,케이스
2023-07-19 00:35:35,생일모자
2023-07-19 00:35:35,크록스
2023-07-19 00:35:36,케이스
2023-07-19 00:35:37,한교동
2023-07-19 00:35:37,닌텐도 스위치
2023-07-19 00:35:40,키링인형
2023-07-19 00:35:43,pure love
2023-07-19 00:35:44,닌텐도 스위치
2023-07-19 00:35:45,노트북파우치
2023-07-19 00:35:45,산리오
2023-07-19 00:35:46,스터디플래너
2023-07-19 00:35:50,손목쿠션
2023-07-19 00:35:50,닌텐도 스위치
2023-07-19 00:35:57,닌텐도 스위치
2023-07-19 00:35:57,생일모자
2023-07-19 00:36:02,텐바이텐
2023-07-19 00:36:03,닌텐도 스위치
2023-07-19 00:36:03,케이스
2023-07-19 00:36:04,키링
2023-07-19 00:36:04,공지사항
2023-07-19 00:36:05,무선 마우스
2023-07-19 00:36:06,스터디플래너
2023-07-19 00:36:09,돈봉투
2023-07-19 00:36:09,닌텐도 스위치
2023-07-19 00:36:12,diy만들기
2023-07-19 00:36:14,리락쿠마
2023-07-19 00:36:16,닌텐도 스위치
2023-07-19 00:36:17,산리오
2023-07-19 00:36:19,케이스
2023-07-19 00:36:21,원두커피
2023-07-19 00:36:21,한교동
2023-07-19 00:36:21,짱구
2023-07-19 00:36:22,축하 선물
2023-07-19 00:36:22,닌텐도 스위치
2023-07-19 00:36:22,눈고
2023-07-19 00:36:23,마우스패드
2023-07-19 00:36:27,SXR-80-05
2023-07-19 00:36:28,노트북 가죽파우치
2023-07-19 00:36:28,닌텐도 스위치
2023-07-19 00:36:29,출석
2023-07-19 00:36:30,커블체어
2023-07-19 00:36:31,커블체어
2023-07-19 00:36:31,휴대용 장바구니
2023-07-19 00:36:31,폰케이스
2023-07-19 00:36:32,하이테크
2023-07-19 00:36:33,닌텐도 스위치
2023-07-19 00:36:33,출석체크
2023-07-19 00:36:35,영어
2023-07-19 00:36:35,선글릿
2023-07-19 00:36:37,마일드 라이너
2023-07-19 00:36:39,비치타올
2023-07-19 00:36:39,텐바이텐배송
2023-07-19 00:36:40,닌텐도 스위치
2023-07-19 00:36:40,스티커
2023-07-19 00:36:41,바쿠백
2023-07-19 00:36:46,닌텐도 스위치
2023-07-19 00:36:46,케이스
2023-07-19 00:36:49,원두커피
2023-07-19 00:36:50,인테리어 철망
2023-07-19 00:36:51,에코백
2023-07-19 00:36:51,마우스패드
2023-07-19 00:36:53,닌텐도 스위치
2023-07-19 00:36:56,스누즈키튼
2023-07-19 00:36:56,좌식컴퓨터책상
2023-07-19 00:36:57,마우스패드
2023-07-19 00:36:57,닥스훈트 키링
2023-07-19 00:36:57,스티커
2023-07-19 00:36:57,인형 키링
2023-07-19 00:36:57,케이스
2023-07-19 00:36:58,인형 키링
2023-07-19 00:36:58,스누즈키튼
2023-07-19 00:36:58,슬라이딩 리빙박스
2023-07-19 00:36:59,인형 키링
2023-07-19 00:37:00,닌텐도 스위치
2023-07-19 00:37:00,슈가캣
2023-07-19 00:37:00,스티커팩
2023-07-19 00:37:00,미니노트
2023-07-19 00:37:02,A7 다이어리
2023-07-19 00:37:02,A7 다이어리
2023-07-19 00:37:03,아이코닉 위클리
2023-07-19 00:37:04,doodle
2023-07-19 00:37:06,필기구
2023-07-19 00:37:07,닌텐도 스위치
2023-07-19 00:37:09,트레이
2023-07-19 00:37:10,파우치
2023-07-19 00:37:11,선물포장
2023-07-19 00:37:12,diy만들기
2023-07-19 00:37:13,닌텐도 스위치
2023-07-19 00:37:18,산리오 수영가방
2023-07-19 00:37:18,산리오 수영가방
2023-07-19 00:37:18,닌텐도 스위치
2023-07-19 00:37:21,알전구
2023-07-19 00:37:25,키링
2023-07-19 00:37:26,닌텐도 스위치
2023-07-19 00:37:27,퀼팅가방
2023-07-19 00:37:29,포스트잇
2023-07-19 00:37:29,포스트잇
2023-07-19 00:37:30,미라클 욕실장
2023-07-19 00:37:30,바쿠백
2023-07-19 00:37:31,비치타올
2023-07-19 00:37:32,비치타올
2023-07-19 00:37:32,닌텐도 스위치
2023-07-19 00:37:33,지브리 마우스패드
2023-07-19 00:37:33,출석
2023-07-19 00:37:34,수납바구니
2023-07-19 00:37:34,수납바구니
2023-07-19 00:37:34,지브리 마우스패드
2023-07-19 00:37:34,미니쿠션
2023-07-19 00:37:39,닌텐도 스위치
2023-07-19 00:37:40,트레이
2023-07-19 00:37:41,가이드지
2023-07-19 00:37:44,포도알
2023-07-19 00:37:44,디즈니 마우스패드
2023-07-19 00:37:44,노트북 가방 (크로스백)
2023-07-19 00:37:46,휴대용라디오
2023-07-19 00:37:46,가이드지
2023-07-19 00:37:46,닌텐도 스위치
2023-07-19 00:37:46,슬라이딩 리빙박스
2023-07-19 00:37:46,휴대용라디오
2023-07-19 00:37:47,마이멜로디
2023-07-19 00:37:47,마이멜로디
2023-07-19 00:37:48,노트북 가방 (크로스백)
2023-07-19 00:37:50,선물포장
2023-07-19 00:37:51,폰케이스
2023-07-19 00:37:52,닌텐도 스위치
2023-07-19 00:37:54,목베개 차량
2023-07-19 00:37:54,출석체크
2023-07-19 00:37:55,퀼트 백
2023-07-19 00:37:57,가죽공예
2023-07-19 00:37:57,닌텐도 스위치
2023-07-19 00:37:58,장난감 정리
2023-07-19 00:37:58,페이크퍼
2023-07-19 00:37:58,장난감 정리
2023-07-19 00:37:59,마이멜로디
2023-07-19 00:37:59,마이멜로디
2023-07-19 00:38:00,키티 숟가락 젓가락
2023-07-19 00:38:05,축하선물포장
2023-07-19 00:38:05,닌텐도 스위치
2023-07-19 00:38:06,doodle
2023-07-19 00:38:07,파우치
2023-07-19 00:38:09,코키뮹
2023-07-19 00:38:09,케이스
2023-07-19 00:38:10,코키뮹
2023-07-19 00:38:10,닌텐도 스위치
2023-07-19 00:38:13,크록스 민트
2023-07-19 00:38:16,두들
2023-07-19 00:38:16,짱구
2023-07-19 00:38:17,식기건조대
2023-07-19 00:38:17,슬라이딩 리빙박스
2023-07-19 00:38:17,닌텐도 스위치
2023-07-19 00:38:18,8인치 이북파우치
2023-07-19 00:38:24,닌텐도 스위치
2023-07-19 00:38:24,밥그릇
2023-07-19 00:38:25,물티슈케이스
2023-07-19 00:38:25,Timer
2023-07-19 00:38:25,피너츠
2023-07-19 00:38:25,물티슈케이스
2023-07-19 00:38:25,미니쿠션
2023-07-19 00:38:25,Timer
2023-07-19 00:38:26,스누피
2023-07-19 00:38:29,트레이
2023-07-19 00:38:29,바야밴드
2023-07-19 00:38:30,닌텐도 스위치
2023-07-19 00:38:30,사무용품
2023-07-19 00:38:31,메이크업박스
2023-07-19 00:38:31,우산
2023-07-19 00:38:31,마스킹테이프
2023-07-19 00:38:33,Brita jpg
2023-07-19 00:38:35,축하선물포장
2023-07-19 00:38:35,아이패드 케이스
2023-07-19 00:38:36,닌텐도 스위치
2023-07-19 00:38:36,케이스
2023-07-19 00:38:36,돗자리
2023-07-19 00:38:36,a7 다이어리
2023-07-19 00:38:38,애플워치 스트랩
2023-07-19 00:38:40,3 stage umbrella
2023-07-19 00:38:40,애플워치 스트랩
2023-07-19 00:38:42,3 stage umbrella
2023-07-19 00:38:42,한식기
2023-07-19 00:38:42,닌텐도 스위치
2023-07-19 00:38:44,메이크업가방
2023-07-19 00:38:49,닌텐도 스위치
2023-07-19 00:38:51,케이스
2023-07-19 00:38:54,강아지이름표
2023-07-19 00:38:54,한식기 밥그릇
2023-07-19 00:38:54,diy만들기
2023-07-19 00:38:54,강아지이름표
2023-07-19 00:38:55,두들
2023-07-19 00:38:55,닌텐도 스위치
2023-07-19 00:38:57,alice
2023-07-19 00:38:58,스카이
2023-07-19 00:38:58,마스킹테이프
2023-07-19 00:38:58,스카이
2023-07-19 00:39:01,고양이 폰케이스
2023-07-19 00:39:01,고양이 폰케이스
2023-07-19 00:39:02,닌텐도 스위치
2023-07-19 00:39:03,실리콘도시락
2023-07-19 00:39:04,실리콘도시락
2023-07-19 00:39:06,alice
2023-07-19 00:39:08,닌텐도 스위치
2023-07-19 00:39:11,텐바이텐배송
2023-07-19 00:39:12,두들
2023-07-19 00:39:13,닌텐도 스위치
2023-07-19 00:39:19,유아여행가방
2023-07-19 00:39:19,유아여행가방
2023-07-19 00:39:20,완전자동우산
2023-07-19 00:39:20,diy만들기
2023-07-19 00:39:21,125L
2023-07-19 00:39:21,닌텐도 스위치
2023-07-19 00:39:23,밀림방지패드
2023-07-19 00:39:23,밀림방지패드
2023-07-19 00:39:25,플라스틱 서랍장
2023-07-19 00:39:26,마스킹테이프
2023-07-19 00:39:27,닌텐도 스위치
2023-07-19 00:39:29,폰케이스
2023-07-19 00:39:30,축하선물포장
2023-07-19 00:39:31,침대패드
2023-07-19 00:39:33,닌텐도 스위치
2023-07-19 00:39:35,슬라이딩 리빙박스
2023-07-19 00:39:36,미니백
2023-07-19 00:39:38,차량 방향제
2023-07-19 00:39:39,선글라스 케이스
2023-07-19 00:39:39,폰케이스
2023-07-19 00:39:39,닌텐도 스위치
2023-07-19 00:39:39,선글라스 케이스
2023-07-19 00:39:41,엠버
2023-07-19 00:39:42,마켓비
2023-07-19 00:39:42,마켓비
2023-07-19 00:39:42,전선정리
2023-07-19 00:39:44,안티스키밍 여권케이스
2023-07-19 00:39:44,안티스키밍 여권케이스
2023-07-19 00:39:45,닌텐도 스위치
2023-07-19 00:39:46,ㅠㅅ21
2023-07-19 00:39:47,ㅠㅅ21
2023-07-19 00:39:48,말씀 포스터
2023-07-19 00:39:48,말씀 포스터
2023-07-19 00:39:49,두들
2023-07-19 00:39:50,오리 우산
2023-07-19 00:39:50,오리 우산
2023-07-19 00:39:52,닌텐도 스위치
2023-07-19 00:39:52,마스킹테이프
2023-07-19 00:39:54,아카이브+속지
2023-07-19 00:39:54,POP스탠드
2023-07-19 00:39:55,히히클럽
2023-07-19 00:39:55,B5 바인더노트
2023-07-19 00:39:58,닌텐도 스위치
2023-07-19 00:39:58,bt21
2023-07-19 00:40:05,alice
2023-07-19 00:40:05,닌텐도 스위치
2023-07-19 00:40:08,마스킹테이프
2023-07-19 00:40:08,의자방석
2023-07-19 00:40:09,유니버셜
2023-07-19 00:40:12,라이브워크
2023-07-19 00:40:12,닌텐도 스위치
2023-07-19 00:40:13,아이폰케이스
2023-07-19 00:40:17,원숭이
2023-07-19 00:40:18,USB
2023-07-19 00:40:18,완전자동우산
2023-07-19 00:40:19,베게
2023-07-19 00:40:19,베게
2023-07-19 00:40:19,닌텐도 스위치
2023-07-19 00:40:19,vkdlf
2023-07-19 00:40:20,로이체
2023-07-19 00:40:20,vkdlf
2023-07-19 00:40:24,파일
2023-07-19 00:40:25,식기건조대
2023-07-19 00:40:25,산리오
2023-07-19 00:40:25,식기건조대
2023-07-19 00:40:25,도혜드로잉
2023-07-19 00:40:26,오븐전자레인지
2023-07-19 00:40:27,B5
2023-07-19 00:40:27,닌텐도 스위치
2023-07-19 00:40:29,히히클럽
2023-07-19 00:40:31,알랑말랑
2023-07-19 00:40:33,닌텐도 스위치
2023-07-19 00:40:34,미피
2023-07-19 00:40:35,러기지택
2023-07-19 00:40:35,반트36.5
2023-07-19 00:40:36,B5
2023-07-19 00:40:36,a7 다이어리
2023-07-19 00:40:37,냉난방중
2023-07-19 00:40:37,냉난방중
2023-07-19 00:40:38,알랑말랑
2023-07-19 00:40:38,접이식탁자
2023-07-19 00:40:38,접이식탁자
2023-07-19 00:40:38,반트36.5
2023-07-19 00:40:39,닌텐도 스위치
2023-07-19 00:40:39,텐바이텐배송
2023-07-19 00:40:42,B5
2023-07-19 00:40:46,헤어핀
2023-07-19 00:40:46,닌텐도 스위치
2023-07-19 00:40:47,라플라플
2023-07-19 00:40:47,스티커
2023-07-19 00:40:47,라플라플
2023-07-19 00:40:47,투명 리빙박스
2023-07-19 00:40:47,a4 파일
2023-07-19 00:40:48,키링
2023-07-19 00:40:49,a7 다이어리
2023-07-19 00:40:52,닌텐도 스위치
2023-07-19 00:40:54,썬글라스 케이스
2023-07-19 00:40:54,린넨원피스
2023-07-19 00:40:54,타일선반
2023-07-19 00:40:54,썬글라스 케이스
2023-07-19 00:40:55,트레이
2023-07-19 00:40:56,아이디어상품
2023-07-19 00:40:56,마스킹테이프
2023-07-19 00:40:57,키링
2023-07-19 00:40:58,닌텐도 스위치
2023-07-19 00:40:58,원숭이
2023-07-19 00:40:58,로이체
2023-07-19 00:41:00,산리오
2023-07-19 00:41:01,히치하이커
2023-07-19 00:41:01,루피
2023-07-19 00:41:02,출석
2023-07-19 00:41:04,출석체크
2023-07-19 00:41:04,마스킹테이프
2023-07-19 00:41:06,닌텐도 스위치
2023-07-19 00:41:07,파우치
2023-07-19 00:41:08,텐바이텐배송
2023-07-19 00:41:08,원목 주방수납장 인테리어 주방진열대 그릇수납장
2023-07-19 00:41:09,마스킹테이프
2023-07-19 00:41:10,트레이
2023-07-19 00:41:11,짱구
2023-07-19 00:41:12,닌텐도 스위치
2023-07-19 00:41:14,오븐전자레인지
2023-07-19 00:41:14,투명 리빙박스
2023-07-19 00:41:18,린넨원피스
2023-07-19 00:41:19,닌텐도 스위치
2023-07-19 00:41:20,스티커
2023-07-19 00:41:22,미니 에코백
2023-07-19 00:41:23,레번클로
2023-07-19 00:41:23,레번클로
2023-07-19 00:41:24,린넨원피스
2023-07-19 00:41:24,오아 모음
2023-07-19 00:41:25,스누피
2023-07-19 00:41:25,닌텐도 스위치
2023-07-19 00:41:25,히치하이커
2023-07-19 00:41:26,오븐전자레인지
2023-07-19 00:41:30,아이패드 케이스
2023-07-19 00:41:30,약과
2023-07-19 00:41:31,아젠다 노트
2023-07-19 00:41:31,닌텐도 스위치
2023-07-19 00:41:34,사무실책상꾸미기
2023-07-19 00:41:35,산리오
2023-07-19 00:41:35,사무실책상꾸미기
2023-07-19 00:41:37,닌텐도 스위치
2023-07-19 00:41:39,키링
2023-07-19 00:41:43,마우스패드
2023-07-19 00:41:44,닌텐도 스위치
2023-07-19 00:41:48,메종드코튼
2023-07-19 00:41:48,출석
2023-07-19 00:41:49,바이브레이터
2023-07-19 00:41:49,닌텐도 스위치
2023-07-19 00:41:50,포스트잇
2023-07-19 00:41:50,포스트잇
2023-07-19 00:41:50,사무용품
2023-07-19 00:41:51,원피스
2023-07-19 00:41:51,텐바이텐배송
2023-07-19 00:41:51,원피스
2023-07-19 00:41:53,모트모트
2023-07-19 00:41:55,닌텐도 스위치
2023-07-19 00:41:57,츄파춥스
2023-07-19 00:41:58,양산
2023-07-19 00:42:00,산리오
2023-07-19 00:42:01,텐바이텐배송
2023-07-19 00:42:01,닌텐도 스위치
2023-07-19 00:42:02,스티커
2023-07-19 00:42:03,소박상점
2023-07-19 00:42:03,출석
2023-07-19 00:42:03,소박상점
2023-07-19 00:42:03,출석체크
2023-07-19 00:42:05,스티커
2023-07-19 00:42:07,달력
2023-07-19 00:42:07,닌텐도 스위치
2023-07-19 00:42:09,출석체크
2023-07-19 00:42:11,아미보
2023-07-19 00:42:12,파우치
2023-07-19 00:42:14,닌텐도 스위치
2023-07-19 00:42:16,헤어핀
2023-07-19 00:42:16,실리콘도시락
2023-07-19 00:42:16,투명우산
2023-07-19 00:42:17,데이니즈
2023-07-19 00:42:17,양초 받침
2023-07-19 00:42:19,키링
2023-07-19 00:42:20,a7 다이어리
2023-07-19 00:42:20,짱구
2023-07-19 00:42:21,파우치
2023-07-19 00:42:22,쿠로미
2023-07-19 00:42:22,닌텐도 스위치
2023-07-19 00:42:22,투명우산
2023-07-19 00:42:23,아이패드 케이스
2023-07-19 00:42:25,양산
2023-07-19 00:42:25,1+1 인기 미니선풍기 모음
2023-07-19 00:42:26,1+1 인기 미니선풍기 모음
2023-07-19 00:42:26,키링
2023-07-19 00:42:27,a7 다이어리
2023-07-19 00:42:27,일본어 노트
2023-07-19 00:42:27,미피
2023-07-19 00:42:29,일본어 노트
2023-07-19 00:42:29,닌텐도 스위치
2023-07-19 00:42:30,스누피
2023-07-19 00:42:31,[오아][5% 추가할인] 1+1 인기 미니선풍기 모음
2023-07-19 00:42:31,[오아][5% 추가할인] 1+1 인기 미니선풍기 모음
2023-07-19 00:42:32,아이폰14프로 케이스
2023-07-19 00:42:33,a4 파일
2023-07-19 00:42:36,의전우산
2023-07-19 00:42:36,멜팅스튜디오
2023-07-19 00:42:37,아이패드 케이스
2023-07-19 00:42:37,닌텐도 스위치
2023-07-19 00:42:38,엑토 키보드
2023-07-19 00:42:42,요거트메이커
2023-07-19 00:42:42,카카오샵
2023-07-19 00:42:42,헤어핀
2023-07-19 00:42:42,카카오샵
2023-07-19 00:42:42,요거트메이커
2023-07-19 00:42:42,닌텐도 스위치
2023-07-19 00:42:43,차량용방향제
2023-07-19 00:42:43,출석
2023-07-19 00:42:44,양산
2023-07-19 00:42:48,a7 바인더 ]
2023-07-19 00:42:48,닌텐도 스위치
2023-07-19 00:42:51,[오아]1+1 인기 미니선풍기 모음
2023-07-19 00:42:51,a4 파일
2023-07-19 00:42:52,[오아]1+1 인기 미니선풍기 모음
2023-07-19 00:42:53,a7 바인더
2023-07-19 00:42:53,MASMARULEZ 찜브랜드 Cotton tumbler bag
2023-07-19 00:42:54,미니금고
2023-07-19 00:42:55,MASMARULEZ 찜브랜드 Cotton tumbler bag
2023-07-19 00:42:56,닌텐도 스위치
2023-07-19 00:42:58,출석체크
2023-07-19 00:42:58,접이식탁자
2023-07-19 00:42:58,접이식탁자
2023-07-19 00:42:59,원숭이
2023-07-19 00:43:00,산리오
2023-07-19 00:43:00,파우치
2023-07-19 00:43:01,맥세이프 카드지갑
2023-07-19 00:43:01,맥세이프 카드지갑
2023-07-19 00:43:03,닌텐도 스위치
2023-07-19 00:43:07,짱구
2023-07-19 00:43:11,인형
2023-07-19 00:43:11,닌텐도 스위치
2023-07-19 00:43:11,화장품 공병
2023-07-19 00:43:14,인형
2023-07-19 00:43:14,리락쿠마
2023-07-19 00:43:15,인형
2023-07-19 00:43:15,리락쿠마
2023-07-19 00:43:16,양산
2023-07-19 00:43:16,포차코
2023-07-19 00:43:16,닌텐도 스위치
2023-07-19 00:43:17,Disney Edition
2023-07-19 00:43:17,털모자
2023-07-19 00:43:17,인형
2023-07-19 00:43:18,가족
2023-07-19 00:43:18,미피
2023-07-19 00:43:19,헤드폰걸이
2023-07-19 00:43:20,스탠리 텀블러
2023-07-19 00:43:20,스누피
2023-07-19 00:43:21,헤드폰걸이
2023-07-19 00:43:22,달력
2023-07-19 00:43:23,닌텐도 스위치
2023-07-19 00:43:27,a4 파일
2023-07-19 00:43:28,양산
2023-07-19 00:43:28,티코스터
2023-07-19 00:43:28,아이패드 케이스
2023-07-19 00:43:29,닌텐도 스위치
2023-07-19 00:43:30,가족 스티커
2023-07-19 00:43:32,Brita jpg
2023-07-19 00:43:33,3단찬합
2023-07-19 00:43:33,3단찬합
2023-07-19 00:43:35,펜시
2023-07-19 00:43:35,닌텐도 스위치
2023-07-19 00:43:37,양산
2023-07-19 00:43:40,실리콘도시락
2023-07-19 00:43:41,인형
2023-07-19 00:43:42,카카오프렌즈 우산
2023-07-19 00:43:42,닌텐도 스위치
2023-07-19 00:43:44,츄파춥스
2023-07-19 00:43:45,포차코
2023-07-19 00:43:46,수묵화
2023-07-19 00:43:47,멀티탭선반
2023-07-19 00:43:48,산리오
2023-07-19 00:43:51,강아지방석
2023-07-19 00:43:52,닌텐도 스위치
2023-07-19 00:43:54,산리오
2023-07-19 00:43:54,Disney Edition
2023-07-19 00:43:55,화장품 공병
2023-07-19 00:43:55,인덱스
2023-07-19 00:43:56,커블체어
2023-07-19 00:43:56,커블체어
2023-07-19 00:43:57,곰부
2023-07-19 00:43:58,가족 스티커
2023-07-19 00:43:58,텐바이텐배송
2023-07-19 00:43:58,티코스터
2023-07-19 00:44:00,텐바이텐 배경화면
2023-07-19 00:44:01,텐바이텐 배경화면
2023-07-19 00:44:02,리락쿠마
2023-07-19 00:44:04,닌텐도 스위치
2023-07-19 00:44:11,스티커
2023-07-19 00:44:11,티코스터
2023-07-19 00:44:12,실리콘도시락
2023-07-19 00:44:12,닌텐도 스위치
2023-07-19 00:44:15,이어플러그
2023-07-19 00:44:15,이어플러그
2023-07-19 00:44:17,수묵화
2023-07-19 00:44:18,미피텀블러
2023-07-19 00:44:18,미피텀블러
2023-07-19 00:44:19,산리오
2023-07-19 00:44:20,아무개씨
2023-07-19 00:44:20,파우치
2023-07-19 00:44:20,인덱스
2023-07-19 00:44:21,다이어리
2023-07-19 00:44:21,포차코
2023-07-19 00:44:21,닌텐도 스위치
2023-07-19 00:44:23,드라이기
2023-07-19 00:44:24,키링
2023-07-19 00:44:25,화장실선반
2023-07-19 00:44:27,닌텐도 스위치
2023-07-19 00:44:29,텐바이텐배송
2023-07-19 00:44:32,바이브레이터
2023-07-19 00:44:32,소금단지
2023-07-19 00:44:33,닌텐도 스위치
2023-07-19 00:44:33,달력
2023-07-19 00:44:35,스티커
2023-07-19 00:44:35,출석
2023-07-19 00:44:37,떡메
2023-07-19 00:44:38,떡메
2023-07-19 00:44:38,노트북 파우치 제작
2023-07-19 00:44:40,닌텐도 스위치
2023-07-19 00:44:40,노트북스티커
2023-07-19 00:44:41,리락쿠마
2023-07-19 00:44:43,산리오
2023-07-19 00:44:44,산리오
2023-07-19 00:44:46,닌텐도 스위치
2023-07-19 00:44:47,인덱스 스티커
2023-07-19 00:44:47,키링
2023-07-19 00:44:48,사무용품
2023-07-19 00:44:49,텐바이텐배송
2023-07-19 00:44:50,발받침대
2023-07-19 00:44:51,플레이모빌 키링
2023-07-19 00:44:51,A4클리어파일
2023-07-19 00:44:51,출석체크
2023-07-19 00:44:52,닌텐도 스위치
2023-07-19 00:44:53,미드센츄리 테이블
2023-07-19 00:44:53,vpszh
2023-07-19 00:44:54,달력
2023-07-19 00:44:54,링커룬
2023-07-19 00:44:54,아동용 거실화
2023-07-19 00:44:55,vpszh
2023-07-19 00:44:56,스티커
2023-07-19 00:44:57,폴라로이드
2023-07-19 00:44:57,리락쿠마
2023-07-19 00:44:57,포토프린터
2023-07-19 00:44:58,닌텐도 스위치
2023-07-19 00:44:58,출석
2023-07-19 00:45:02,엠씨알엔
2023-07-19 00:45:03,파우치
2023-07-19 00:45:03,캘린더
2023-07-19 00:45:05,일본어 노트
2023-07-19 00:45:06,닌텐도 스위치
2023-07-19 00:45:07,펜코
2023-07-19 00:45:08,포차코 테이블
2023-07-19 00:45:09,키링
2023-07-19 00:45:11,짱구
2023-07-19 00:45:11,출석체크
2023-07-19 00:45:11,포차코 테이블
2023-07-19 00:45:12,프릳츠
2023-07-19 00:45:12,닌텐도 스위치
2023-07-19 00:45:14,히치하이커 캘린더
2023-07-19 00:45:15,아동용 거실화
2023-07-19 00:45:17,닌텐도 스위치
2023-07-19 00:45:18,베이비 어피치 필로우
2023-07-19 00:45:18,베이비 어피치 필로우
2023-07-19 00:45:19,까렌다쉬 scots
2023-07-19 00:45:20,산리오
2023-07-19 00:45:20,포차코 장패드
2023-07-19 00:45:20,인덱스 스티커
2023-07-19 00:45:20,출석
2023-07-19 00:45:20,까렌다쉬 scots
2023-07-19 00:45:23,규조토 코스터
2023-07-19 00:45:23,산리오
2023-07-19 00:45:23,파우치
2023-07-19 00:45:23,규조토 코스터
2023-07-19 00:45:24,텐바이텐배송
2023-07-19 00:45:24,닌텐도 스위치
2023-07-19 00:45:24,쿵야
2023-07-19 00:45:25,출석체크
2023-07-19 00:45:26,달력
2023-07-19 00:45:27,스티커
2023-07-19 00:45:29,출석
2023-07-19 00:45:31,사무용품
2023-07-19 00:45:31,닌텐도 스위치
2023-07-19 00:45:32,출석체크
2023-07-19 00:45:32,바이풀 필통
2023-07-19 00:45:35,키링
2023-07-19 00:45:35,스누피
2023-07-19 00:45:36,절강양광필룩스조명전자
2023-07-19 00:45:36,우머나이저
2023-07-19 00:45:36,절강양광필룩스조명전자
2023-07-19 00:45:37,파우치
2023-07-19 00:45:37,파우치
2023-07-19 00:45:38,닌텐도 스위치
2023-07-19 00:45:38,인덱스 스티커
2023-07-19 00:45:39,쿠로미
2023-07-19 00:45:39,작은책상
2023-07-19 00:45:40,울랄라파자마
2023-07-19 00:45:40,아이패드 케이스
2023-07-19 00:45:40,울랄라파자마
2023-07-19 00:45:41,양산
2023-07-19 00:45:43,양산
2023-07-19 00:45:44,헤드폰걸이
2023-07-19 00:45:44,닌텐도 스위치
2023-07-19 00:45:45,A4가로 클리어 파일
2023-07-19 00:45:46,랜턴모양키홀더
2023-07-19 00:45:49,짱구
2023-07-19 00:45:50,유기잔
2023-07-19 00:45:50,닌텐도 스위치
2023-07-19 00:45:50,유기잔
2023-07-19 00:45:50,아이패드 케이스
2023-07-19 00:45:52,매쉬망
2023-07-19 00:45:52,매쉬망
2023-07-19 00:45:53,인덱스 스티커
2023-07-19 00:45:56,짱구
2023-07-19 00:45:56,닌텐도 스위치
2023-07-19 00:46:01,키링
2023-07-19 00:46:02,스누피
2023-07-19 00:46:02,인덱스 스티커
2023-07-19 00:46:03,스누피
2023-07-19 00:46:04,아크릴케이스
2023-07-19 00:46:04,닌텐도 스위치
2023-07-19 00:46:06,사무용품
2023-07-19 00:46:08,동물인형
2023-07-19 00:46:08,산리오
2023-07-19 00:46:08,동물인형
2023-07-19 00:46:09,닌텐도 스위치
2023-07-19 00:46:09,텐바이텐배송
2023-07-19 00:46:11,스티커
2023-07-19 00:46:13,엑토 데스크패드
2023-07-19 00:46:13,아이패드 케이스
2023-07-19 00:46:14,아이패드 케이스
2023-07-19 00:46:15,출석
2023-07-19 00:46:16,닌텐도 스위치
2023-07-19 00:46:19,출석체크
2023-07-19 00:46:20,헬로키티 문방구
2023-07-19 00:46:21,논문
2023-07-19 00:46:21,키링
2023-07-19 00:46:22,닌텐도 스위치
2023-07-19 00:46:23,콘솔화장대
2023-07-19 00:46:23,작은책상
2023-07-19 00:46:24,쿠로미 키링
2023-07-19 00:46:24,비치백만들기
2023-07-19 00:46:24,파우치
2023-07-19 00:46:25,폰케이스
2023-07-19 00:46:25,포차코
2023-07-19 00:46:26,쿠로미
2023-07-19 00:46:28,아이폰 보조배터리
2023-07-19 00:46:28,아이폰 보조배터리
2023-07-19 00:46:28,닌텐도 스위치
2023-07-19 00:46:32,아이패드 케이스
2023-07-19 00:46:34,슈퍼킹 매트리스 커버
2023-07-19 00:46:34,양산
2023-07-19 00:46:34,닌텐도 스위치
2023-07-19 00:46:34,캔들 원데이클래스
2023-07-19 00:46:35,화일
2023-07-19 00:46:36,캔들 원데이클래스
2023-07-19 00:46:36,휴대폰케이스
2023-07-19 00:46:36,아이코닉 달력
2023-07-19 00:46:36,키링
2023-07-19 00:46:37,키보드
2023-07-19 00:46:37,미니레디백
2023-07-19 00:46:39,앞줄
2023-07-19 00:46:40,앞줄
2023-07-19 00:46:41,키보드
2023-07-19 00:46:42,A4
2023-07-19 00:46:42,닌텐도 스위치
2023-07-19 00:46:43,도미월드
2023-07-19 00:46:44,양모펠트
2023-07-19 00:46:44,도미월드
2023-07-19 00:46:46,인형키링
2023-07-19 00:46:46,필통
2023-07-19 00:46:46,찰리 파우치
2023-07-19 00:46:46,산리오
2023-07-19 00:46:46,키치
2023-07-19 00:46:47,찰리 파우치
2023-07-19 00:46:48,아르센
2023-07-19 00:46:49,키링
2023-07-19 00:46:49,닌텐도 스위치
2023-07-19 00:46:52,식탁스툴
2023-07-19 00:46:52,식탁스툴
2023-07-19 00:46:53,달력
2023-07-19 00:46:54,신발장
2023-07-19 00:46:55,작은책상
2023-07-19 00:46:55,산리오
2023-07-19 00:46:56,산리오
2023-07-19 00:46:56,닌텐도 스위치
2023-07-19 00:46:57,우머나이저
2023-07-19 00:46:58,텐바이텐배송
2023-07-19 00:47:00,pvc키링
2023-07-19 00:47:00,비건 다이어리
2023-07-19 00:47:02,kimyoungjoo
2023-07-19 00:47:02,kimyoungjoo
2023-07-19 00:47:02,닌텐도 스위치
2023-07-19 00:47:02,방석
2023-07-19 00:47:02,텐바이텐배송
2023-07-19 00:47:03,비온뒤 속지
2023-07-19 00:47:03,비온뒤 속지
2023-07-19 00:47:04,신발장 3단
2023-07-19 00:47:04,잼스튜디오 달력
2023-07-19 00:47:05,텐바이텐배송
2023-07-19 00:47:08,닌텐도 스위치
2023-07-19 00:47:09,폰케이스
2023-07-19 00:47:09,스티커
2023-07-19 00:47:10,출석
2023-07-19 00:47:13,버티컬마우스
2023-07-19 00:47:14,스티커
2023-07-19 00:47:14,출석체크
2023-07-19 00:47:15,아이폰14pro 케이스
2023-07-19 00:47:15,닌텐도 스위치
2023-07-19 00:47:16,스티커
2023-07-19 00:47:18,이널 리필
2023-07-19 00:47:18,아르센
2023-07-19 00:47:18,인디고
2023-07-19 00:47:19,형광펜
2023-07-19 00:47:20,폰케이스
2023-07-19 00:47:20,키링
2023-07-19 00:47:20,아이패드 케이스
2023-07-19 00:47:20,닌텐도 스위치
2023-07-19 00:47:22,파우치
2023-07-19 00:47:23,강아지목줄
2023-07-19 00:47:24,강아지목줄
2023-07-19 00:47:24,쿠로미
2023-07-19 00:47:24,키링
2023-07-19 00:47:25,캐릭터 가방
2023-07-19 00:47:26,키링
2023-07-19 00:47:27,닌텐도 스위치
2023-07-19 00:47:29,오주코
2023-07-19 00:47:29,아이패드 케이스
2023-07-19 00:47:32,닌텐도 스위치
2023-07-19 00:47:32,그립톡
2023-07-19 00:47:34,출석
2023-07-19 00:47:34,키보드
2023-07-19 00:47:35,방석
2023-07-19 00:47:35,양산
2023-07-19 00:47:35,작은책상
2023-07-19 00:47:36,미니레디백
2023-07-19 00:47:37,센과치
2023-07-19 00:47:38,센과치
2023-07-19 00:47:39,닌텐도 스위치
2023-07-19 00:47:40,출석
2023-07-19 00:47:41,가오나시
2023-07-19 00:47:41,그립톡
2023-07-19 00:47:42,캐릭터 가방
2023-07-19 00:47:45,홈카페정리함
2023-07-19 00:47:45,아이폰케이스브랜드
2023-07-19 00:47:45,출석체크
2023-07-19 00:47:45,홈카페정리함
2023-07-19 00:47:45,닌텐도 스위치
2023-07-19 00:47:48,출석체크
2023-07-19 00:47:50,닌텐도 스위치
2023-07-19 00:47:53,아크릴 선캐쳐
2023-07-19 00:47:55,상어슬리퍼
2023-07-19 00:47:55,상어슬리퍼
2023-07-19 00:47:57,캐릭터 가방
2023-07-19 00:47:57,파우치
2023-07-19 00:47:58,홈카페정리함
2023-07-19 00:47:58,파우치
2023-07-19 00:47:58,홈카페정리함
2023-07-19 00:47:58,닌텐도 스위치
2023-07-19 00:48:00,러그
2023-07-19 00:48:00,러그
2023-07-19 00:48:00,형광펜
2023-07-19 00:48:01,갤럭시 s23 울트라 512 자급제
2023-07-19 00:48:02,외장하드파우치
2023-07-19 00:48:02,오리 인형
2023-07-19 00:48:02,강아지 방석
2023-07-19 00:48:02,오리 인형
2023-07-19 00:48:02,외장하드파우치
2023-07-19 00:48:02,핀셋
2023-07-19 00:48:03,아이폰14pro 케이스
2023-07-19 00:48:03,닌텐도 스위치
2023-07-19 00:48:05,우산손잡이
2023-07-19 00:48:05,화장품 서랍장
2023-07-19 00:48:05,우산손잡이
2023-07-19 00:48:05,짱구
2023-07-19 00:48:09,짱구
2023-07-19 00:48:09,5601407
2023-07-19 00:48:09,닌텐도 스위치
2023-07-19 00:48:10,퐁퐁
2023-07-19 00:48:11,스트랩샌들
2023-07-19 00:48:11,펜코
2023-07-19 00:48:11,스트랩샌들
2023-07-19 00:48:11,피규어 키링
2023-07-19 00:48:11,키보드
2023-07-19 00:48:12,포카 스탠드
2023-07-19 00:48:13,폰케이스
2023-07-19 00:48:15,닌텐도 스위치
2023-07-19 00:48:18,텀블러백
2023-07-19 00:48:18,스누피
2023-07-19 00:48:19,휴대폰케이스
2023-07-19 00:48:19,젤리크루
2023-07-19 00:48:23,페이퍼돌+파우치
2023-07-19 00:48:23,미니레디백
2023-07-19 00:48:23,츄파춥스
2023-07-19 00:48:24,스누피
2023-07-19 00:48:24,애플워치 밴드
2023-07-19 00:48:24,닌텐도 스위치
2023-07-19 00:48:25,츄파춥스
2023-07-19 00:48:26,춘식이 데스크휴지통
2023-07-19 00:48:27,캐릭터 가방
2023-07-19 00:48:27,시나모롤
2023-07-19 00:48:27,아이패드 케이스
2023-07-19 00:48:27,춘식이 데스크휴지통
2023-07-19 00:48:29,지비츠
2023-07-19 00:48:29,지비츠
2023-07-19 00:48:30,소금단지
2023-07-19 00:48:30,닌텐도 스위치
2023-07-19 00:48:30,듀라렉스
2023-07-19 00:48:31,코스터
2023-07-19 00:48:31,코스터
2023-07-19 00:48:32,Brita jpg
2023-07-19 00:48:33,우머나이저
2023-07-19 00:48:34,젤다
2023-07-19 00:48:34,아이패드 케이스
2023-07-19 00:48:38,닌텐도 스위치
2023-07-19 00:48:40,오나홀
2023-07-19 00:48:40,책갈피
2023-07-19 00:48:41,에모큥
2023-07-19 00:48:43,아이패드 공책 케이스
2023-07-19 00:48:43,수영가방
2023-07-19 00:48:43,아이패드 공책 케이스
2023-07-19 00:48:43,수영가방
2023-07-19 00:48:43,닌텐도 스위치
2023-07-19 00:48:44,넵킨
2023-07-19 00:48:44,폭폭이
2023-07-19 00:48:45,캐릭터 가방
2023-07-19 00:48:47,하드케이스
2023-07-19 00:48:47,아이폰케이스브랜드
2023-07-19 00:48:47,히히클럽
2023-07-19 00:48:48,키치
2023-07-19 00:48:52,닌텐도 스위치
2023-07-19 00:48:53,줄핸드폰케이스
2023-07-19 00:48:53,대형인형
2023-07-19 00:48:53,줄핸드폰케이스
2023-07-19 00:48:53,인생네컷 앨범
2023-07-19 00:48:54,캐릭터 가방
2023-07-19 00:48:54,반구톡
2023-07-19 00:48:55,히히클럽
2023-07-19 00:48:56,듀라렉스
2023-07-19 00:48:58,지비츠 세트
2023-07-19 00:48:58,지비츠 세트
2023-07-19 00:48:59,플레이모빌 키링
2023-07-19 00:48:59,닌텐도 스위치
2023-07-19 00:49:00,메이스
2023-07-19 00:49:03,폰케이스
2023-07-19 00:49:04,닌텐도 스위치
2023-07-19 00:49:06,산리오
2023-07-19 00:49:07,피규어보관
2023-07-19 00:49:08,지브리 가방
2023-07-19 00:49:08,듀라렉스
2023-07-19 00:49:10,닌텐도 스위치
2023-07-19 00:49:13,오닉스 반지
2023-07-19 00:49:14,촬영배경판
2023-07-19 00:49:14,산리오
2023-07-19 00:49:16,닌텐도 스위치
2023-07-19 00:49:20,애플워치 밴드
2023-07-19 00:49:21,닌텐도 스위치
2023-07-19 00:49:22,텐바이텐배송
2023-07-19 00:49:22,y2k 키링
2023-07-19 00:49:24,메이스
2023-07-19 00:49:24,y2k 키링
2023-07-19 00:49:25,y2k 키링
2023-07-19 00:49:26,핸드스트랩
2023-07-19 00:49:27,닌텐도 스위치
2023-07-19 00:49:29,하드케이스
2023-07-19 00:49:31,스티커
2023-07-19 00:49:33,아이폰14pro 케이스
2023-07-19 00:49:33,지브리 가방
2023-07-19 00:49:34,무타공 못없이
2023-07-19 00:49:35,닌텐도 스위치
2023-07-19 00:49:38,지브리 가방
2023-07-19 00:49:40,솔트워터
2023-07-19 00:49:41,키링
2023-07-19 00:49:42,손선풍기
2023-07-19 00:49:42,닌텐도 스위치
2023-07-19 00:49:43,플라잉타이거
2023-07-19 00:49:43,인형
2023-07-19 00:49:44,하드파우치
2023-07-19 00:49:46,3단 자동 우산
2023-07-19 00:49:46,3단 자동 우산
2023-07-19 00:49:48,팔토시
2023-07-19 00:49:48,팔토시
2023-07-19 00:49:49,마일드라이너
2023-07-19 00:49:49,닌텐도 스위치
2023-07-19 00:49:50,아이폰 실리콘 케이스
2023-07-19 00:49:51,마우스패드
2023-07-19 00:49:53,출석
2023-07-19 00:49:55,인형키링
2023-07-19 00:49:55,닌텐도 스위치
2023-07-19 00:49:59,산리오
2023-07-19 00:50:02,흑백 스티커
2023-07-19 00:50:02,인형 DIY
2023-07-19 00:50:02,닌텐도 스위치
2023-07-19 00:50:03,출석체크
2023-07-19 00:50:07,텐바이텐배송
2023-07-19 00:50:08,닌텐도 스위치
2023-07-19 00:50:09,아이폰케이스
2023-07-19 00:50:10,로마네
2023-07-19 00:50:11,양치컵세트
2023-07-19 00:50:11,양치컵세트
2023-07-19 00:50:12,엠팩플러스
2023-07-19 00:50:13,여자 실내수영복
2023-07-19 00:50:13,여자 실내수영복
2023-07-19 00:50:13,스티커
2023-07-19 00:50:13,닌텐도 스위치
2023-07-19 00:50:17,안경 케이스
2023-07-19 00:50:18,출석
2023-07-19 00:50:18,플라잉타이거 랜덤
2023-07-19 00:50:19,닌텐도 스위치
2023-07-19 00:50:20,바쿠백
2023-07-19 00:50:22,파우치
2023-07-19 00:50:23,스티커벽지
2023-07-19 00:50:24,출석체크
2023-07-19 00:50:24,산리오
2023-07-19 00:50:25,달나라배틀 두더지게임
2023-07-19 00:50:25,커텐 집게
2023-07-19 00:50:26,키링
2023-07-19 00:50:26,식기건조대
2023-07-19 00:50:27,파우치
2023-07-19 00:50:27,커텐 집게
2023-07-19 00:50:27,닌텐도 스위치
2023-07-19 00:50:28,실내화
2023-07-19 00:50:29,텐바이텐배송
2023-07-19 00:50:29,달나라배틀 두더지게임
2023-07-19 00:50:29,짱구
2023-07-19 00:50:30,더블에이 복사지
2023-07-19 00:50:31,모듈 티비장
2023-07-19 00:50:31,인형
2023-07-19 00:50:31,차량용방향제
2023-07-19 00:50:31,모듈 티비장
2023-07-19 00:50:33,스티커
2023-07-19 00:50:33,닌텐도 스위치
2023-07-19 00:50:34,모노키니
2023-07-19 00:50:34,모노키니
2023-07-19 00:50:37,산리오 가방
2023-07-19 00:50:38,산리오 가방
2023-07-19 00:50:39,키링
2023-07-19 00:50:40,두더지게임
2023-07-19 00:50:40,쿠로미
2023-07-19 00:50:40,닌텐도 스위치
2023-07-19 00:50:42,스누피
2023-07-19 00:50:43,마우스패드
2023-07-19 00:50:43,필름카메라 필름
2023-07-19 00:50:43,엑토
2023-07-19 00:50:43,5394041
2023-07-19 00:50:44,아이폰 실리콘 케이스
2023-07-19 00:50:47,출석
2023-07-19 00:50:47,닌텐도 스위치
2023-07-19 00:50:47,아이패드 케이스
2023-07-19 00:50:48,아이폰케이스
2023-07-19 00:50:51,아이패드 케이스
2023-07-19 00:50:52,한예지
2023-07-19 00:50:52,엑토 키보드
2023-07-19 00:50:53,수영복
2023-07-19 00:50:53,수영복
2023-07-19 00:50:53,닌텐도 스위치
2023-07-19 00:50:54,출석체크
2023-07-19 00:50:55,피규어 키링
2023-07-19 00:50:57,맥세이프 카드지갑
2023-07-19 00:50:57,양산
2023-07-19 00:50:57,인형
2023-07-19 00:50:57,메모지
2023-07-19 00:50:57,맥세이프 카드지갑
2023-07-19 00:50:59,폰케이스
2023-07-19 00:50:59,닌텐도 스위치
2023-07-19 00:51:04,강아지목걸이
2023-07-19 00:51:04,마우스패드
2023-07-19 00:51:05,닌텐도 스위치
2023-07-19 00:51:06,파우치
2023-07-19 00:51:08,예쁜접시
2023-07-19 00:51:12,닌텐도 스위치
2023-07-19 00:51:16,짱구
2023-07-19 00:51:18,한예지
2023-07-19 00:51:18,닌텐도 스위치
2023-07-19 00:51:22,ㅂ&ㅁ
2023-07-19 00:51:22,ㅂ&ㅁ
2023-07-19 00:51:24,스케이터 돔형 도시락
2023-07-19 00:51:24,한예지
2023-07-19 00:51:24,닌텐도 스위치
2023-07-19 00:51:28,스누피
2023-07-19 00:51:28,엽전
2023-07-19 00:51:28,실내화
2023-07-19 00:51:29,다이어리
2023-07-19 00:51:30,패브릭 포스터 담요
2023-07-19 00:51:30,닌텐도 스위치
2023-07-19 00:51:30,패브릭 포스터 담요
2023-07-19 00:51:31,오노프맨션
2023-07-19 00:51:32,아이폰케이스
2023-07-19 00:51:34,인형
2023-07-19 00:51:34,카드 폰케이스
2023-07-19 00:51:35,대학원
2023-07-19 00:51:35,카드 폰케이스
2023-07-19 00:51:36,닌텐도 스위치
2023-07-19 00:51:37,마동곰 캔들
2023-07-19 00:51:38,아이패드 케이스
2023-07-19 00:51:38,최고심
2023-07-19 00:51:38,수학연습장'
2023-07-19 00:51:42,닌텐도 스위치
2023-07-19 00:51:43,사무실 모니터 받침대
2023-07-19 00:51:44,마우스패드
2023-07-19 00:51:48,닌텐도 스위치
2023-07-19 00:51:51,쿠루토가 어드밴스 샤프(0.5mm)
2023-07-19 00:51:53,빅베어브릭석고방향제
2023-07-19 00:51:53,아이스크림
2023-07-19 00:51:55,닌텐도 스위치
2023-07-19 00:51:56,화이트우드 무소음 양면
2023-07-19 00:51:57,출석체크
2023-07-19 00:51:57,러기지택
2023-07-19 00:51:58,Mas 가방
2023-07-19 00:51:58,Mas 가방
2023-07-19 00:51:59,피규어 키링
2023-07-19 00:51:59,양말
2023-07-19 00:52:00,닌텐도 스위치
2023-07-19 00:52:01,인디고 메타
2023-07-19 00:52:01,유리 화병
2023-07-19 00:52:02,여자 실내수영복
2023-07-19 00:52:02,여자 실내수영복
2023-07-19 00:52:02,마틸라
2023-07-19 00:52:05,식기건조대
2023-07-19 00:52:06,마틸라
2023-07-19 00:52:06,닌텐도 스위치
2023-07-19 00:52:07,실내화
2023-07-19 00:52:07,차계부
2023-07-19 00:52:09,인형
2023-07-19 00:52:10,토플
2023-07-19 00:52:14,닌텐도 스위치
2023-07-19 00:52:16,고양이 스티커
2023-07-19 00:52:19,1인용소파
2023-07-19 00:52:19,1인용소파
2023-07-19 00:52:21,닌텐도 스위치
2023-07-19 00:52:22,트롤리
2023-07-19 00:52:22,마우스패드
2023-07-19 00:52:24,짱구
2023-07-19 00:52:25,마우스 패드
2023-07-19 00:52:25,산리오
2023-07-19 00:52:26,고블린
2023-07-19 00:52:27,고블린
2023-07-19 00:52:27,닌텐도 스위치
2023-07-19 00:52:27,키보드 패드
2023-07-19 00:52:29,에어컨 가림막
2023-07-19 00:52:29,에어컨 가림막
2023-07-19 00:52:29,인형
2023-07-19 00:52:33,카드 리폼 스티커
2023-07-19 00:52:33,닌텐도 스위치
2023-07-19 00:52:35,곱창스티커
2023-07-19 00:52:35,곱창스티커
2023-07-19 00:52:35,폰케이스
2023-07-19 00:52:38,피규어 키링
2023-07-19 00:52:39,닌텐도 스위치
2023-07-19 00:52:40,스탬프
2023-07-19 00:52:40,오가닉
2023-07-19 00:52:41,5143365
2023-07-19 00:52:41,생일 돈봉투
2023-07-19 00:52:43,카드 스티커
2023-07-19 00:52:44,실내화
2023-07-19 00:52:45,영어
2023-07-19 00:52:45,닌텐도 스위치
2023-07-19 00:52:45,필름카메라
2023-07-19 00:52:48,접이식 사다리
2023-07-19 00:52:49,돈모브러쉬
2023-07-19 00:52:50,의자방석
2023-07-19 00:52:51,닌텐도 스위치
2023-07-19 00:52:52,파우치
2023-07-19 00:52:52,피아노가방
2023-07-19 00:52:52,키캡
2023-07-19 00:52:53,식탁의자
2023-07-19 00:52:54,키보드
2023-07-19 00:52:56,짱구
2023-07-19 00:52:57,닌텐도 스위치
2023-07-19 00:52:58,인형
2023-07-19 00:52:59,여권지갑
2023-07-19 00:53:00,종이 폴더 파일
2023-07-19 00:53:01,파우치
2023-07-19 00:53:03,탁상 전자 시계
2023-07-19 00:53:03,탁상 전자 시계
2023-07-19 00:53:04,닌텐도 스위치
2023-07-19 00:53:04,샐러드
2023-07-19 00:53:05,오가닉
2023-07-19 00:53:06,러기지택
2023-07-19 00:53:09,닌텐도 스위치
2023-07-19 00:53:10,실내화
2023-07-19 00:53:12,필름카메라
2023-07-19 00:53:13,유리컵
2023-07-19 00:53:13,네임텍
2023-07-19 00:53:13,식탁의자
2023-07-19 00:53:15,짱구
2023-07-19 00:53:15,짱구
2023-07-19 00:53:16,닌텐도 스위치
2023-07-19 00:53:17,털모자
2023-07-19 00:53:18,키보드
2023-07-19 00:53:19,스탬프
2023-07-19 00:53:22,닌텐도 스위치
2023-07-19 00:53:23,피규어 키링
2023-07-19 00:53:25,요거트볼
2023-07-19 00:53:25,키보드 패드
2023-07-19 00:53:27,닌텐도 스위치
2023-07-19 00:53:29,생일초
2023-07-19 00:53:29,생일초
2023-07-19 00:53:30,실내화
2023-07-19 00:53:32,파우치
2023-07-19 00:53:32,Brita jpg
2023-07-19 00:53:33,여권지갑
2023-07-19 00:53:34,닌텐도 스위치
2023-07-19 00:53:36,고블렛
2023-07-19 00:53:37,아이디어상품
2023-07-19 00:53:38,고블렛
2023-07-19 00:53:39,닌텐도 스위치
2023-07-19 00:53:40,쿠로미 컵
2023-07-19 00:53:40,쿠로미 컵
2023-07-19 00:53:41,토끼
2023-07-19 00:53:42,키보드 패드
2023-07-19 00:53:44,다이어리
2023-07-19 00:53:44,닌텐도 스위치
2023-07-19 00:53:45,스탬프
2023-07-19 00:53:45,노트패드
2023-07-19 00:53:45,지퍼 파우치
2023-07-19 00:53:47,실내화
2023-07-19 00:53:48,하렘팬츠
2023-07-19 00:53:49,하렘팬츠
2023-07-19 00:53:49,비비드 미드나잇
2023-07-19 00:53:51,우드캡 양념통
2023-07-19 00:53:52,닌텐도 스위치
2023-07-19 00:53:54,여권지갑
2023-07-19 00:53:57,닌텐도 스위치
2023-07-19 00:53:59,유리컵
2023-07-19 00:54:00,네임텍
2023-07-19 00:54:02,스탬프
2023-07-19 00:54:02,피규어 키링
2023-07-19 00:54:03,양산
2023-07-19 00:54:04,헬로키티 문방구
2023-07-19 00:54:06,키보드 패드
2023-07-19 00:54:07,투명 서랍
2023-07-19 00:54:07,장화
2023-07-19 00:54:07,닌텐도 스위치
2023-07-19 00:54:07,투명 서랍
2023-07-19 00:54:08,여권지갑
2023-07-19 00:54:10,고급 차량용품
2023-07-19 00:54:11,낼나 애플펜슬 HB/2B 연필질감 펜촉
2023-07-19 00:54:11,스탬프
2023-07-19 00:54:13,양산
2023-07-19 00:54:13,피규어 키링
2023-07-19 00:54:14,딸 스티커
2023-07-19 00:54:15,다이어리
2023-07-19 00:54:16,단순생활 메쉬파우치
2023-07-19 00:54:17,닌텐도 스위치
2023-07-19 00:54:19,후무하우스
2023-07-19 00:54:19,후무하우스
2023-07-19 00:54:20,접이식탁자
2023-07-19 00:54:21,접이식탁자
2023-07-19 00:54:22,실내슬리퍼
2023-07-19 00:54:23,마이멜로디 키보드
2023-07-19 00:54:23,스탬프
2023-07-19 00:54:23,요거트볼
2023-07-19 00:54:24,닌텐도 스위치
2023-07-19 00:54:26,엠씨알엔
2023-07-19 00:54:27,3916712
2023-07-19 00:54:30,캐리어
2023-07-19 00:54:30,양산
2023-07-19 00:54:30,필름카메라
2023-07-19 00:54:31,닌텐도 스위치
2023-07-19 00:54:33,손거울
2023-07-19 00:54:33,손거울
2023-07-19 00:54:34,스티커
2023-07-19 00:54:36,지퍼 파우치
2023-07-19 00:54:38,닌텐도 스위치
2023-07-19 00:54:38,3959771
2023-07-19 00:54:38,키보드 패드
2023-07-19 00:54:40,선풍기
2023-07-19 00:54:42,유리컵
2023-07-19 00:54:45,닌텐도 스위치
2023-07-19 00:54:46,밤코스메틱
2023-07-19 00:54:47,스탬프
2023-07-19 00:54:47,그립톡
2023-07-19 00:54:50,산리오
2023-07-19 00:54:50,차량운행
2023-07-19 00:54:50,스티커
2023-07-19 00:54:50,마크모크
2023-07-19 00:54:50,닌텐도 스위치
2023-07-19 00:54:51,화장품 파우치
2023-07-19 00:54:51,아기 스티커
2023-07-19 00:54:51,키보드 패드
2023-07-19 00:54:55,아이폰 카드케이스
2023-07-19 00:54:55,메신져백
2023-07-19 00:54:55,스티커
2023-07-19 00:54:55,아이폰 카드케이스
2023-07-19 00:54:56,서ㅓㅗ박상범
2023-07-19 00:54:56,실내화
2023-07-19 00:54:57,서ㅓㅗ박상범
2023-07-19 00:54:57,실내 슬리퍼
2023-07-19 00:54:58,닌텐도 스위치
2023-07-19 00:54:59,찻잔세트
2023-07-19 00:54:59,찻잔세트
2023-07-19 00:55:01,키보드 패드
2023-07-19 00:55:01,유리 화병
2023-07-19 00:55:02,아이디어상품
2023-07-19 00:55:04,닌텐도 스위치
2023-07-19 00:55:07,키보드 패드
2023-07-19 00:55:09,닌텐도 스위치
2023-07-19 00:55:11,모니터거치대
2023-07-19 00:55:11,모니터거치대
2023-07-19 00:55:12,타파통
2023-07-19 00:55:12,타파통
2023-07-19 00:55:12,캠퍼스 필통
2023-07-19 00:55:12,비치타올
2023-07-19 00:55:14,홀로그램비치백
2023-07-19 00:55:14,소박상점
2023-07-19 00:55:14,홀로그램비치백
2023-07-19 00:55:14,아이패드 파우치
2023-07-19 00:55:15,백드롭 페인팅
2023-07-19 00:55:15,백드롭 페인팅
2023-07-19 00:55:15,닌텐도 스위치
2023-07-19 00:55:17,탁상 선풍기
2023-07-19 00:55:20,키보드
2023-07-19 00:55:20,키보드
2023-07-19 00:55:24,닌텐도 스위치
2023-07-19 00:55:28,츄파춥스
2023-07-19 00:55:29,닌텐도 스위치
2023-07-19 00:55:30,산리오
2023-07-19 00:55:30,A5 속지
2023-07-19 00:55:31,안경
2023-07-19 00:55:34,주차번호판
2023-07-19 00:55:34,주차번호판
2023-07-19 00:55:36,파우치
2023-07-19 00:55:36,닌텐도 스위치
2023-07-19 00:55:38,멀티펜
2023-07-19 00:55:38,실내화
2023-07-19 00:55:40,산리오
2023-07-19 00:55:40,위글위글
2023-07-19 00:55:40,케이블 클립
2023-07-19 00:55:40,실리콘밀폐용기
2023-07-19 00:55:42,닌텐도 스위치
2023-07-19 00:55:43,갤럭시
2023-07-19 00:55:45,안경케이스
2023-07-19 00:55:46,갤럭시
2023-07-19 00:55:46,몰스킨
2023-07-19 00:55:47,uc365gpd
2023-07-19 00:55:48,안경집
2023-07-19 00:55:48,닌텐도 스위치
2023-07-19 00:55:49,요거트볼
2023-07-19 00:55:50,텐바이텐배송
2023-07-19 00:55:50,파우치
2023-07-19 00:55:53,아이폰14프로 케이스
2023-07-19 00:55:53,아이폰14프로 케이스
2023-07-19 00:55:54,짱구
2023-07-19 00:55:55,핸드폰케이스
2023-07-19 00:55:55,몰스킨
2023-07-19 00:55:55,닌텐도 스위치
2023-07-19 00:55:59,텐바이텐배송
2023-07-19 00:56:00,식식인더하우스
2023-07-19 00:56:01,DNQL
2023-07-19 00:56:01,닌텐도 스위치
2023-07-19 00:56:02,실리콘밀폐용기
2023-07-19 00:56:02,DNQL
2023-07-19 00:56:05,알로코리아
2023-07-19 00:56:07,메신저백
2023-07-19 00:56:08,우비
2023-07-19 00:56:08,닌텐도 스위치
2023-07-19 00:56:10,키보드
2023-07-19 00:56:10,스티커
2023-07-19 00:56:12,의자 방석
2023-07-19 00:56:14,알로코리아
2023-07-19 00:56:14,파우치
2023-07-19 00:56:14,uc365gpd
2023-07-19 00:56:14,산리오
2023-07-19 00:56:14,틴케이스
2023-07-19 00:56:14,닌텐도 스위치
2023-07-19 00:56:18,키보드
2023-07-19 00:56:18,산리오
2023-07-19 00:56:20,닌텐도 스위치
2023-07-19 00:56:21,플레이모빌
2023-07-19 00:56:21,플레이모빌
2023-07-19 00:56:23,키보드
2023-07-19 00:56:25,키링
2023-07-19 00:56:26,벙커침대
2023-07-19 00:56:26,굿노트 데일리
2023-07-19 00:56:26,굿노트 데일리
2023-07-19 00:56:27,중학생
2023-07-19 00:56:27,포장
2023-07-19 00:56:27,닌텐도 스위치
2023-07-19 00:56:27,텐바이텐배송
2023-07-19 00:56:28,키링
2023-07-19 00:56:29,인견이불
2023-07-19 00:56:29,인견이불
2023-07-19 00:56:29,요거트볼
2023-07-19 00:56:31,엽서
2023-07-19 00:56:32,엽서
2023-07-19 00:56:33,닌텐도 스위치
2023-07-19 00:56:36,마틸라 도즈
2023-07-19 00:56:37,아에이오우
2023-07-19 00:56:38,스티커
2023-07-19 00:56:41,출석
2023-07-19 00:56:42,티백정리
2023-07-19 00:56:42,실리콘밀폐용기
2023-07-19 00:56:42,닌텐도 스위치
2023-07-19 00:56:45,알로코리아
2023-07-19 00:56:45,유니
2023-07-19 00:56:45,키링
2023-07-19 00:56:45,샌들
2023-07-19 00:56:46,샌들
2023-07-19 00:56:48,헤드폰케이스
2023-07-19 00:56:48,유리컵
2023-07-19 00:56:48,닌텐도 스위치
2023-07-19 00:56:49,헤드폰케이스
2023-07-19 00:56:50,중학생
2023-07-19 00:56:50,헤드폰케이스
2023-07-19 00:56:51,그립톡
2023-07-19 00:56:51,아에이오우 파우치
2023-07-19 00:56:53,멀티펜
2023-07-19 00:56:53,출석
2023-07-19 00:56:53,애플워치 스트랩
2023-07-19 00:56:53,시그노
2023-07-19 00:56:54,그립톡
2023-07-19 00:56:55,짱구
2023-07-19 00:56:55,lookit
2023-07-19 00:56:55,닌텐도 스위치
2023-07-19 00:56:56,lookit
2023-07-19 00:56:57,대학생
2023-07-19 00:56:57,출석체크
2023-07-19 00:56:59,키티
2023-07-19 00:56:59,리유저블백
2023-07-19 00:57:00,키티
2023-07-19 00:57:01,골드
2023-07-19 00:57:01,쥬스 동화시리즈
2023-07-19 00:57:02,골드
2023-07-19 00:57:02,유리 화병
2023-07-19 00:57:02,닌텐도 스위치
2023-07-19 00:57:02,원앙
2023-07-19 00:57:03,대학생
2023-07-19 00:57:03,식식인더하우스
2023-07-19 00:57:04,출석체크
2023-07-19 00:57:06,절강양광필룩스조명전자
2023-07-19 00:57:06,산리오
2023-07-19 00:57:06,절강양광필룩스조명전자
2023-07-19 00:57:06,대학생
2023-07-19 00:57:08,틴케이스
2023-07-19 00:57:08,태블릿 차량 거치대
2023-07-19 00:57:08,짱구
2023-07-19 00:57:08,닌텐도 스위치
2023-07-19 00:57:09,파우치
2023-07-19 00:57:09,안경 트레이
2023-07-19 00:57:11,산리오
2023-07-19 00:57:12,스테이플러
2023-07-19 00:57:12,빨강머리앤 다꾸
2023-07-19 00:57:12,테이블톡
2023-07-19 00:57:13,식기건조대
2023-07-19 00:57:13,닌텐도 스위치
2023-07-19 00:57:14,천칭
2023-07-19 00:57:14,천칭
2023-07-19 00:57:14,식식인더하우스
2023-07-19 00:57:15,가방 진열장
2023-07-19 00:57:15,자동차+용품
2023-07-19 00:57:15,산리오
2023-07-19 00:57:15,가방 진열장
2023-07-19 00:57:16,요거트볼
2023-07-19 00:57:17,비치타올
2023-07-19 00:57:18,파우치
2023-07-19 00:57:19,닌텐도 스위치
2023-07-19 00:57:21,크록스
2023-07-19 00:57:23,출석
2023-07-19 00:57:24,크록스
2023-07-19 00:57:24,머쉬룸
2023-07-19 00:57:26,멀티펜
2023-07-19 00:57:26,침대패드
2023-07-19 00:57:26,닌텐도 스위치
2023-07-19 00:57:26,짱구
2023-07-19 00:57:27,머핀
2023-07-19 00:57:30,해달 인형
2023-07-19 00:57:30,해달 인형
2023-07-19 00:57:30,크록스
2023-07-19 00:57:30,노트북 스티커
2023-07-19 00:57:31,원피스
2023-07-19 00:57:31,짱구
2023-07-19 00:57:31,크록스
2023-07-19 00:57:31,원피스
2023-07-19 00:57:32,출석체크
2023-07-19 00:57:32,닌텐도 스위치
2023-07-19 00:57:34,짱구접시
2023-07-19 00:57:34,규조토
2023-07-19 00:57:34,집게
2023-07-19 00:57:36,2000책상
2023-07-19 00:57:36,2000책상
2023-07-19 00:57:36,키보드
2023-07-19 00:57:37,리유저블백
2023-07-19 00:57:37,그립톡
2023-07-19 00:57:37,스테인리스 컵
2023-07-19 00:57:37,리유저블백
2023-07-19 00:57:38,table talk
2023-07-19 00:57:39,닌텐도 스위치
2023-07-19 00:57:40,스테이플러
2023-07-19 00:57:41,붙이는벽지
2023-07-19 00:57:43,스누피
2023-07-19 00:57:44,스티커
2023-07-19 00:57:46,닌텐도 스위치
2023-07-19 00:57:47,유아베개
2023-07-19 00:57:47,화장품 공병
2023-07-19 00:57:47,우비
2023-07-19 00:57:48,랫서판다
2023-07-19 00:57:48,랫서판다
2023-07-19 00:57:48,스터디플래너
2023-07-19 00:57:48,아이띵소
2023-07-19 00:57:50,선물박스
2023-07-19 00:57:53,멀티펜
2023-07-19 00:57:53,닌텐도 스위치
2023-07-19 00:57:54,아이패드 케이스
2023-07-19 00:57:54,스누피
2023-07-19 00:57:54,sosomroom
2023-07-19 00:57:55,아이패드
2023-07-19 00:57:56,거울 옷걸이
2023-07-19 00:57:56,집게
2023-07-19 00:57:56,거울 옷걸이
2023-07-19 00:57:57,아이띵소
2023-07-19 00:57:59,닌텐도 스위치
2023-07-19 00:58:01,table talk
2023-07-19 00:58:01,sosomroom
2023-07-19 00:58:02,이니셜 스티커
2023-07-19 00:58:02,화장품 공병
2023-07-19 00:58:02,낮잠이불
2023-07-19 00:58:02,이니셜 스티커
2023-07-19 00:58:03,미니파우치
2023-07-19 00:58:03,미니파우치
2023-07-19 00:58:04,아이패드 파우치
2023-07-19 00:58:04,식기건조대
2023-07-19 00:58:04,오구구 핑구
2023-07-19 00:58:05,오구구 핑구
2023-07-19 00:58:05,table talk
2023-07-19 00:58:05,닌텐도 스위치
2023-07-19 00:58:07,이케아서랍장
2023-07-19 00:58:07,이케아서랍장
2023-07-19 00:58:08,집게
2023-07-19 00:58:08,키보드
2023-07-19 00:58:09,유리 화병
2023-07-19 00:58:09,어린이 튜브
2023-07-19 00:58:10,아이패드 케이스
2023-07-19 00:58:10,폼폼푸린
2023-07-19 00:58:12,닌텐도 스위치
2023-07-19 00:58:12,짱구 그릇
2023-07-19 00:58:13,에코백
2023-07-19 00:58:13,규조토
2023-07-19 00:58:14,화장품 공병
2023-07-19 00:58:14,에어팟케이크
2023-07-19 00:58:14,침대캐노피
2023-07-19 00:58:15,우산
2023-07-19 00:58:15,하리오
2023-07-19 00:58:15,도장
2023-07-19 00:58:16,침대캐노피
2023-07-19 00:58:17,닌텐도 스위치
2023-07-19 00:58:18,대학생
2023-07-19 00:58:19,갤럭시 폰케이스
2023-07-19 00:58:19,갤럭시 폰케이스
2023-07-19 00:58:20,딜도
2023-07-19 00:58:20,딜도
2023-07-19 00:58:22,화장품 공병
2023-07-19 00:58:23,닌텐도 스위치
2023-07-19 00:58:27,멀티펜
2023-07-19 00:58:27,폼폼푸린
2023-07-19 00:58:28,프랑스자수 거울
2023-07-19 00:58:28,프랑스자수 거울
2023-07-19 00:58:28,코팅기
2023-07-19 00:58:28,키링
2023-07-19 00:58:29,멀티쿠션
2023-07-19 00:58:29,에어팟 파우치
2023-07-19 00:58:29,짱구 스티커
2023-07-19 00:58:30,닌텐도 스위치
2023-07-19 00:58:31,낮잠이불
2023-07-19 00:58:32,쥬스 동화
2023-07-19 00:58:32,Brita jpg
2023-07-19 00:58:33,스티커팩
2023-07-19 00:58:35,마우스
2023-07-19 00:58:36,헤드폰케이스
2023-07-19 00:58:36,닌텐도 스위치
2023-07-19 00:58:41,닌텐도 스위치
2023-07-19 00:58:45,스티커
2023-07-19 00:58:47,산리오
2023-07-19 00:58:47,미도리
2023-07-19 00:58:48,우산
2023-07-19 00:58:48,닌텐도 스위치
2023-07-19 00:58:49,사원증 목걸이
2023-07-19 00:58:49,사원증 목걸이
2023-07-19 00:58:49,텐바이텐배송
2023-07-19 00:58:50,스티커
2023-07-19 00:58:51,출석
2023-07-19 00:58:54,도어스토퍼
2023-07-19 00:58:54,출석체크
2023-07-19 00:58:54,닌텐도 스위치
2023-07-19 00:58:54,4way
2023-07-19 00:58:54,짱구 키링
2023-07-19 00:58:56,마이멜로디텀블러
2023-07-19 00:58:56,마이멜로디텀블러
2023-07-19 00:58:57,미니장식장
2023-07-19 00:58:57,Be on D
2023-07-19 00:58:57,mmmg
2023-07-19 00:59:00,마이멜로디텀블러
2023-07-19 00:59:00,마이멜로디텀블러
2023-07-19 00:59:00,키링
2023-07-19 00:59:01,닌텐도 스위치
2023-07-19 00:59:02,mmmg
2023-07-19 00:59:03,4way 쿠션
2023-07-19 00:59:04,어린이 튜브
2023-07-19 00:59:04,훈찌
2023-07-19 00:59:04,파우치
2023-07-19 00:59:05,모찌인형
2023-07-19 00:59:05,팔찌참
2023-07-19 00:59:06,nct x sanrio
2023-07-19 00:59:06,nct x sanrio
2023-07-19 00:59:07,사무실 바구니
2023-07-19 00:59:07,스탠드조명
2023-07-19 00:59:07,제트스트림
2023-07-19 00:59:07,쿠로미
2023-07-19 00:59:07,닌텐도 스위치
2023-07-19 00:59:08,아이패드 케이스
2023-07-19 00:59:13,양산
2023-07-19 00:59:13,파우치
2023-07-19 00:59:13,닌텐도 스위치
2023-07-19 00:59:16,도어행거
2023-07-19 00:59:16,집게
2023-07-19 00:59:17,도어행거
2023-07-19 00:59:18,인형키링
2023-07-19 00:59:19,짱구
2023-07-19 00:59:20,닌텐도 스위치
2023-07-19 00:59:20,규조토
2023-07-19 00:59:21,어린이식기
2023-07-19 00:59:22,Be on D
2023-07-19 00:59:23,조명
2023-07-19 00:59:24,아이패드
2023-07-19 00:59:24,짱구
2023-07-19 00:59:26,구슬
2023-07-19 00:59:26,스테인리스 컵
2023-07-19 00:59:26,닌텐도 스위치
2023-07-19 00:59:27,산리오
2023-07-19 00:59:32,닌텐도 스위치
2023-07-19 00:59:33,4way 쿠션
2023-07-19 00:59:35,패턴 쉬폰 원피스
2023-07-19 00:59:36,스티커 곰
2023-07-19 00:59:36,구슬
2023-07-19 00:59:37,뱃지
2023-07-19 00:59:37,화장대 정리함
2023-07-19 00:59:38,클립보드 a5
2023-07-19 00:59:39,닌텐도 스위치
2023-07-19 00:59:39,거실탁자
2023-07-19 00:59:42,편지지
2023-07-19 00:59:42,3색
2023-07-19 00:59:42,4way 쿠션
2023-07-19 00:59:43,편지지
2023-07-19 00:59:45,제트스트림
2023-07-19 00:59:45,닌텐도 스위치
2023-07-19 00:59:48,우비
2023-07-19 00:59:48,클립보드 a5
2023-07-19 00:59:49,모닝글로리
2023-07-19 00:59:49,파일 밴드
2023-07-19 00:59:50,닌텐도 스위치
2023-07-19 00:59:51,10k귀찌
2023-07-19 00:59:53,코우펜짱
2023-07-19 00:59:55,스케이터 빨대컵
2023-07-19 00:59:56,스케이터 빨대컵
2023-07-19 00:59:56,웨이투페치
2023-07-19 00:59:57,닌텐도 스위치
2023-07-19 00:59:58,원숭이
2023-07-19 01:00:00,17인치노트북파우치
2023-07-19 01:00:00,450ml
2023-07-19 01:00:00,17인치노트북파우치